,pollster:id,middle_date,choice:id,value,week_label
0,CVVM,2017-12-09,ANO,0.355,W49/17
1,CVVM,2017-12-09,ČSSD,0.1,W49/17
2,CVVM,2017-12-09,KSČM,0.075,W49/17
3,CVVM,2017-12-09,ODS,0.115,W49/17
4,CVVM,2017-12-09,TOP 09,0.045,W49/17
5,CVVM,2017-12-09,KDU-ČSL,0.065,W49/17
6,CVVM,2017-12-09,Piráti,0.115,W49/17
7,CVVM,2017-12-09,SPD,0.065,W49/17
8,CVVM,2017-12-09,STAN,0.04,W49/17
9,CVVM,2018-01-19,ANO,0.305,W03/18
10,CVVM,2018-01-19,ČSSD,0.125,W03/18
11,CVVM,2018-01-19,KSČM,0.08,W03/18
12,CVVM,2018-01-19,ODS,0.12,W03/18
13,CVVM,2018-01-19,TOP 09,0.04,W03/18
14,CVVM,2018-01-19,KDU-ČSL,0.05,W03/18
15,CVVM,2018-01-19,Piráti,0.125,W03/18
16,CVVM,2018-01-19,SPD,0.075,W03/18
17,CVVM,2018-01-19,STAN,0.03,W03/18
18,CVVM,2018-01-19,Zelení,0.015,W03/18
19,CVVM,2018-02-09,ANO,0.335,W06/18
20,CVVM,2018-02-09,ČSSD,0.12,W06/18
21,CVVM,2018-02-09,KSČM,0.1,W06/18
22,CVVM,2018-02-09,ODS,0.105,W06/18
23,CVVM,2018-02-09,TOP 09,0.035,W06/18
24,CVVM,2018-02-09,KDU-ČSL,0.035,W06/18
25,CVVM,2018-02-09,Piráti,0.13,W06/18
26,CVVM,2018-02-09,SPD,0.065,W06/18
27,CVVM,2018-02-09,STAN,0.03,W06/18
28,CVVM,2018-02-09,Zelení,0.01,W06/18
29,CVVM,2018-03-09,ANO,0.305,W10/18
30,CVVM,2018-03-09,ČSSD,0.11,W10/18
31,CVVM,2018-03-09,KSČM,0.11,W10/18
32,CVVM,2018-03-09,ODS,0.125,W10/18
33,CVVM,2018-03-09,TOP 09,0.045,W10/18
34,CVVM,2018-03-09,KDU-ČSL,0.045,W10/18
35,CVVM,2018-03-09,Piráti,0.125,W10/18
36,CVVM,2018-03-09,SPD,0.065,W10/18
37,CVVM,2018-03-09,STAN,0.045,W10/18
38,CVVM,2018-03-09,Zelení,0.01,W10/18
39,CVVM,2018-04-13,ANO,0.29,W15/18
40,CVVM,2018-04-13,ČSSD,0.115,W15/18
41,CVVM,2018-04-13,KSČM,0.1,W15/18
42,CVVM,2018-04-13,ODS,0.135,W15/18
43,CVVM,2018-04-13,TOP 09,0.045,W15/18
44,CVVM,2018-04-13,KDU-ČSL,0.065,W15/18
45,CVVM,2018-04-13,Piráti,0.125,W15/18
46,CVVM,2018-04-13,SPD,0.075,W15/18
47,CVVM,2018-04-13,STAN,0.03,W15/18
48,CVVM,2018-04-13,Zelení,0.01,W15/18
49,Median,2018-04-22,ANO,0.305,W16/18
50,Median,2018-04-22,ODS,0.14,W16/18
51,Median,2018-04-22,Piráti,0.115,W16/18
52,Median,2018-04-22,SPD,0.09,W16/18
53,Median,2018-04-22,KSČM,0.085,W16/18
54,Median,2018-04-22,ČSSD,0.08,W16/18
55,Median,2018-04-22,TOP 09,0.06,W16/18
56,Median,2018-04-22,KDU-ČSL,0.055,W16/18
57,Median,2018-04-22,STAN,0.04,W16/18
58,Median,2018-04-22,Zelení,0.015,W16/18
59,Kantar,2018-04-17,ANO,0.305,W16/18
60,Kantar,2018-04-17,ODS,0.145,W16/18
61,Kantar,2018-04-17,Piráti,0.145,W16/18
62,Kantar,2018-04-17,KSČM,0.08,W16/18
63,Kantar,2018-04-17,SPD,0.08,W16/18
64,Kantar,2018-04-17,ČSSD,0.065,W16/18
65,Kantar,2018-04-17,KDU-ČSL,0.055,W16/18
66,Kantar,2018-04-17,STAN,0.055,W16/18
67,Kantar,2018-04-17,TOP 09,0.04,W16/18
68,Kantar,2017-11-14,ANO,0.3,W46/17
69,Kantar,2017-11-14,ODS,0.12,W46/17
70,Kantar,2017-11-14,Piráti,0.14,W46/17
71,Kantar,2017-11-14,KSČM,0.07,W46/17
72,Kantar,2017-11-14,SPD,0.095,W46/17
73,Kantar,2017-11-14,ČSSD,0.055,W46/17
74,Kantar,2017-11-14,KDU-ČSL,0.045,W46/17
75,Kantar,2017-11-14,STAN,0.055,W46/17
76,Kantar,2017-11-14,TOP 09,0.05,W46/17
77,Kantar,2017-11-14,Zelení,0.03,W46/17
78,Kantar,2018-02-13,ANO,0.33,W07/18
79,Kantar,2018-02-13,ODS,0.12,W07/18
80,Kantar,2018-02-13,Piráti,0.125,W07/18
81,Kantar,2018-02-13,KSČM,0.065,W07/18
82,Kantar,2018-02-13,SPD,0.085,W07/18
83,Kantar,2018-02-13,ČSSD,0.075,W07/18
84,Kantar,2018-02-13,KDU-ČSL,0.05,W07/18
85,Kantar,2018-02-13,STAN,0.045,W07/18
86,Kantar,2018-02-13,TOP 09,0.045,W07/18
87,STEM,2018-02-04,ANO,0.325,W05/18
88,STEM,2018-02-04,ODS,0.11,W05/18
89,STEM,2018-02-04,Piráti,0.13,W05/18
90,STEM,2018-02-04,KSČM,0.09,W05/18
91,STEM,2018-02-04,SPD,0.095,W05/18
92,STEM,2018-02-04,ČSSD,0.07,W05/18
93,STEM,2018-02-04,KDU-ČSL,0.05,W05/18
94,STEM,2018-02-04,STAN,0.04,W05/18
95,STEM,2018-02-04,TOP 09,0.05,W05/18
96,STEM,2018-02-04,Zelení,0.01,W05/18
97,STEM,2018-04-24,ANO,0.32899999999999996,W17/18
98,STEM,2018-04-24,ODS,0.13699999999999998,W17/18
99,STEM,2018-04-24,Piráti,0.135,W17/18
100,STEM,2018-04-24,KSČM,0.085,W17/18
101,STEM,2018-04-24,SPD,0.09,W17/18
102,STEM,2018-04-24,ČSSD,0.07,W17/18
103,STEM,2018-04-24,KDU-ČSL,0.054000000000000006,W17/18
104,STEM,2018-04-24,STAN,0.039,W17/18
105,STEM,2018-04-24,TOP 09,0.039,W17/18
106,STEM,2018-04-24,Zelení,0.008,W17/18
107,CVVM,2018-05-18,ANO,0.29,W20/18
108,CVVM,2018-05-18,ČSSD,0.13,W20/18
109,CVVM,2018-05-18,KSČM,0.105,W20/18
110,CVVM,2018-05-18,ODS,0.13,W20/18
111,CVVM,2018-05-18,TOP 09,0.03,W20/18
112,CVVM,2018-05-18,KDU-ČSL,0.055,W20/18
113,CVVM,2018-05-18,Piráti,0.11,W20/18
114,CVVM,2018-05-18,SPD,0.075,W20/18
115,CVVM,2018-05-18,STAN,0.045,W20/18
116,CVVM,2018-05-18,Zelení,0.01,W20/18
117,Kantar,2018-05-22,ANO,0.27,W21/18
118,Kantar,2018-05-22,ODS,0.16,W21/18
119,Kantar,2018-05-22,Piráti,0.145,W21/18
120,Kantar,2018-05-22,KSČM,0.075,W21/18
121,Kantar,2018-05-22,SPD,0.09,W21/18
122,Kantar,2018-05-22,ČSSD,0.07,W21/18
123,Kantar,2018-05-22,KDU-ČSL,0.04,W21/18
124,Kantar,2018-05-22,STAN,0.055,W21/18
125,Kantar,2018-05-22,TOP 09,0.05,W21/18
126,Median,2018-06-10,ANO,0.315,W23/18
127,Median,2018-06-10,ODS,0.125,W23/18
128,Median,2018-06-10,Piráti,0.115,W23/18
129,Median,2018-06-10,SPD,0.085,W23/18
130,Median,2018-06-10,KSČM,0.08,W23/18
131,Median,2018-06-10,ČSSD,0.09,W23/18
132,Median,2018-06-10,TOP 09,0.06,W23/18
133,Median,2018-06-10,KDU-ČSL,0.045,W23/18
134,Median,2018-06-10,STAN,0.04,W23/18
135,Median,2018-06-10,Zelení,0.02,W23/18
136,Kantar,2018-06-12,ANO,0.285,W24/18
137,Kantar,2018-06-12,ODS,0.155,W24/18
138,Kantar,2018-06-12,Piráti,0.12,W24/18
139,Kantar,2018-06-12,KSČM,0.07,W24/18
140,Kantar,2018-06-12,SPD,0.095,W24/18
141,Kantar,2018-06-12,ČSSD,0.08,W24/18
142,Kantar,2018-06-12,KDU-ČSL,0.05,W24/18
143,Kantar,2018-06-12,STAN,0.055,W24/18
144,Kantar,2018-06-12,TOP 09,0.035,W24/18
145,Kantar,2018-06-12,Zelení,0.02,W24/18
146,Kantar,2018-03-19,ANO,0.295,W12/18
147,Kantar,2018-03-19,ODS,0.14,W12/18
148,Kantar,2018-03-19,Piráti,0.135,W12/18
149,Kantar,2018-03-19,KSČM,0.065,W12/18
150,Kantar,2018-03-19,SPD,0.075,W12/18
151,Kantar,2018-03-19,ČSSD,0.085,W12/18
152,Kantar,2018-03-19,KDU-ČSL,0.05,W12/18
153,Kantar,2018-03-19,STAN,0.06,W12/18
154,Kantar,2018-03-19,TOP 09,0.045,W12/18
155,Kantar,2018-03-19,Zelení,0.02,W12/18
156,STEM,2018-06-20,ANO,0.32,W25/18
157,STEM,2018-06-20,ODS,0.155,W25/18
158,STEM,2018-06-20,Piráti,0.102,W25/18
159,STEM,2018-06-20,KSČM,0.091,W25/18
160,STEM,2018-06-20,SPD,0.086,W25/18
161,STEM,2018-06-20,ČSSD,0.079,W25/18
162,STEM,2018-06-20,KDU-ČSL,0.063,W25/18
163,STEM,2018-06-20,STAN,0.027000000000000003,W25/18
164,STEM,2018-06-20,TOP 09,0.049,W25/18
165,STEM,2018-06-20,Zelení,0.006,W25/18
166,CVVM,2018-06-22,ANO,0.31,W25/18
167,CVVM,2018-06-22,ČSSD,0.11,W25/18
168,CVVM,2018-06-22,KSČM,0.105,W25/18
169,CVVM,2018-06-22,ODS,0.14,W25/18
170,CVVM,2018-06-22,TOP 09,0.045,W25/18
171,CVVM,2018-06-22,KDU-ČSL,0.06,W25/18
172,CVVM,2018-06-22,Piráti,0.1,W25/18
173,CVVM,2018-06-22,SPD,0.065,W25/18
174,CVVM,2018-06-22,STAN,0.045,W25/18
175,CVVM,2018-06-22,Zelení,0.01,W25/18
176,Median,2018-07-10,ANO,0.3,W28/18
177,Median,2018-07-10,ODS,0.14,W28/18
178,Median,2018-07-10,Piráti,0.115,W28/18
179,Median,2018-07-10,SPD,0.085,W28/18
180,Median,2018-07-10,KSČM,0.085,W28/18
181,Median,2018-07-10,ČSSD,0.085,W28/18
182,Median,2018-07-10,TOP 09,0.05,W28/18
183,Median,2018-07-10,KDU-ČSL,0.055,W28/18
184,Median,2018-07-10,STAN,0.04,W28/18
185,Median,2018-07-10,Zelení,0.025,W28/18
186,Median,2018-08-11,ANO,0.31,W32/18
187,Median,2018-08-11,ODS,0.14,W32/18
188,Median,2018-08-11,Piráti,0.105,W32/18
189,Median,2018-08-11,SPD,0.08,W32/18
190,Median,2018-08-11,KSČM,0.09,W32/18
191,Median,2018-08-11,ČSSD,0.085,W32/18
192,Median,2018-08-11,TOP 09,0.055,W32/18
193,Median,2018-08-11,KDU-ČSL,0.055,W32/18
194,Median,2018-08-11,STAN,0.035,W32/18
195,Median,2018-08-11,Zelení,0.02,W32/18
196,Kantar,2018-08-15,ANO,0.28,W33/18
197,Kantar,2018-08-15,ODS,0.13,W33/18
198,Kantar,2018-08-15,Piráti,0.15,W33/18
199,Kantar,2018-08-15,KSČM,0.08,W33/18
200,Kantar,2018-08-15,SPD,0.08,W33/18
201,Kantar,2018-08-15,ČSSD,0.065,W33/18
202,Kantar,2018-08-15,KDU-ČSL,0.055,W33/18
203,Kantar,2018-08-15,STAN,0.065,W33/18
204,Kantar,2018-08-15,TOP 09,0.05,W33/18
205,CVVM,2018-09-14,ANO,0.3,W37/18
206,CVVM,2018-09-14,ČSSD,0.12,W37/18
207,CVVM,2018-09-14,KSČM,0.105,W37/18
208,CVVM,2018-09-14,ODS,0.14,W37/18
209,CVVM,2018-09-14,TOP 09,0.04,W37/18
210,CVVM,2018-09-14,KDU-ČSL,0.045,W37/18
211,CVVM,2018-09-14,Piráti,0.13,W37/18
212,CVVM,2018-09-14,SPD,0.05,W37/18
213,CVVM,2018-09-14,STAN,0.04,W37/18
214,CVVM,2018-09-14,Zelení,0.01,W37/18
215,Kantar,2018-09-11,ANO,0.295,W37/18
216,Kantar,2018-09-11,ODS,0.13,W37/18
217,Kantar,2018-09-11,Piráti,0.155,W37/18
218,Kantar,2018-09-11,KSČM,0.055,W37/18
219,Kantar,2018-09-11,SPD,0.09,W37/18
220,Kantar,2018-09-11,ČSSD,0.07,W37/18
221,Kantar,2018-09-11,KDU-ČSL,0.05,W37/18
222,Kantar,2018-09-11,STAN,0.055,W37/18
223,Kantar,2018-09-11,TOP 09,0.04,W37/18
224,Kantar,2018-09-11,Zelení,0.02,W37/18
225,STEM,2018-10-16,ANO,0.33399999999999996,W42/18
226,STEM,2018-10-16,ODS,0.129,W42/18
227,STEM,2018-10-16,Piráti,0.126,W42/18
228,STEM,2018-10-16,KSČM,0.07400000000000001,W42/18
229,STEM,2018-10-16,SPD,0.096,W42/18
230,STEM,2018-10-16,ČSSD,0.067,W42/18
231,STEM,2018-10-16,KDU-ČSL,0.064,W42/18
232,STEM,2018-10-16,STAN,0.053,W42/18
233,STEM,2018-10-16,TOP 09,0.021,W42/18
234,STEM,2018-10-16,Zelení,0.011000000000000001,W42/18
235,CVVM,2018-10-19,ANO,0.3,W42/18
236,CVVM,2018-10-19,ČSSD,0.09,W42/18
237,CVVM,2018-10-19,KSČM,0.085,W42/18
238,CVVM,2018-10-19,ODS,0.19,W42/18
239,CVVM,2018-10-19,TOP 09,0.035,W42/18
240,CVVM,2018-10-19,KDU-ČSL,0.07,W42/18
241,CVVM,2018-10-19,Piráti,0.11,W42/18
242,CVVM,2018-10-19,SPD,0.05,W42/18
243,CVVM,2018-10-19,STAN,0.04,W42/18
244,Median,2018-10-10,ANO,0.285,W41/18
245,Median,2018-10-10,ODS,0.12,W41/18
246,Median,2018-10-10,Piráti,0.12,W41/18
247,Median,2018-10-10,SPD,0.09,W41/18
248,Median,2018-10-10,KSČM,0.085,W41/18
249,Median,2018-10-10,ČSSD,0.095,W41/18
250,Median,2018-10-10,TOP 09,0.055,W41/18
251,Median,2018-10-10,KDU-ČSL,0.05,W41/18
252,Median,2018-10-10,STAN,0.055,W41/18
253,Median,2018-10-10,Zelení,0.01,W41/18
254,Kantar,2018-10-16,ANO,0.27,W42/18
255,Kantar,2018-10-16,ODS,0.14,W42/18
256,Kantar,2018-10-16,Piráti,0.16,W42/18
257,Kantar,2018-10-16,KSČM,0.065,W42/18
258,Kantar,2018-10-16,SPD,0.075,W42/18
259,Kantar,2018-10-16,ČSSD,0.055,W42/18
260,Kantar,2018-10-16,KDU-ČSL,0.06,W42/18
261,Kantar,2018-10-16,STAN,0.07,W42/18
262,Kantar,2018-10-16,TOP 09,0.05,W42/18
263,Kantar,2018-10-16,Zelení,0.02,W42/18
264,CVVM,2018-11-09,ANO,0.295,W45/18
265,CVVM,2018-11-09,ČSSD,0.09,W45/18
266,CVVM,2018-11-09,KSČM,0.1,W45/18
267,CVVM,2018-11-09,ODS,0.145,W45/18
268,CVVM,2018-11-09,TOP 09,0.03,W45/18
269,CVVM,2018-11-09,KDU-ČSL,0.05,W45/18
270,CVVM,2018-11-09,Piráti,0.14,W45/18
271,CVVM,2018-11-09,SPD,0.075,W45/18
272,CVVM,2018-11-09,STAN,0.04,W45/18
273,CVVM,2018-11-09,Zelení,0.01,W45/18
274,Kantar,2018-11-14,ANO,0.325,W46/18
275,Kantar,2018-11-14,ODS,0.16,W46/18
276,Kantar,2018-11-14,Piráti,0.19,W46/18
277,Kantar,2018-11-14,KSČM,0.06,W46/18
278,Kantar,2018-11-14,SPD,0.055,W46/18
279,Kantar,2018-11-14,ČSSD,0.05,W46/18
280,Kantar,2018-11-14,KDU-ČSL,0.045,W46/18
281,Kantar,2018-11-14,STAN,0.055,W46/18
282,Kantar,2018-11-14,TOP 09,0.04,W46/18
283,STEM,2018-11-24,ANO,0.35700000000000004,W47/18
284,STEM,2018-11-24,ODS,0.124,W47/18
285,STEM,2018-11-24,Piráti,0.131,W47/18
286,STEM,2018-11-24,KSČM,0.076,W47/18
287,STEM,2018-11-24,SPD,0.069,W47/18
288,STEM,2018-11-24,ČSSD,0.066,W47/18
289,STEM,2018-11-24,KDU-ČSL,0.051,W47/18
290,STEM,2018-11-24,STAN,0.046,W47/18
291,STEM,2018-11-24,TOP 09,0.049,W47/18
292,STEM,2018-11-24,Zelení,0.008,W47/18
293,Median,2018-11-24,ANO,0.295,W47/18
294,Median,2018-11-24,ODS,0.135,W47/18
295,Median,2018-11-24,Piráti,0.13,W47/18
296,Median,2018-11-24,SPD,0.1,W47/18
297,Median,2018-11-24,KSČM,0.07,W47/18
298,Median,2018-11-24,ČSSD,0.075,W47/18
299,Median,2018-11-24,TOP 09,0.05,W47/18
300,Median,2018-11-24,KDU-ČSL,0.055,W47/18
301,Median,2018-11-24,STAN,0.06,W47/18
302,Median,2018-11-24,Zelení,0.005,W47/18
303,CVVM,2018-12-07,ANO,0.335,W49/18
304,CVVM,2018-12-07,ČSSD,0.095,W49/18
305,CVVM,2018-12-07,KSČM,0.1,W49/18
306,CVVM,2018-12-07,ODS,0.145,W49/18
307,CVVM,2018-12-07,TOP 09,0.045,W49/18
308,CVVM,2018-12-07,KDU-ČSL,0.04,W49/18
309,CVVM,2018-12-07,Piráti,0.14,W49/18
310,CVVM,2018-12-07,SPD,0.04,W49/18
311,CVVM,2018-12-07,STAN,0.03,W49/18
312,CVVM,2018-12-07,Zelení,0.01,W49/18
313,Median,2019-01-01,ANO,0.3,W01/19
314,Median,2019-01-01,ODS,0.155,W01/19
315,Median,2019-01-01,Piráti,0.135,W01/19
316,Median,2019-01-01,SPD,0.08,W01/19
317,Median,2019-01-01,KSČM,0.075,W01/19
318,Median,2019-01-01,ČSSD,0.09,W01/19
319,Median,2019-01-01,TOP 09,0.045,W01/19
320,Median,2019-01-01,KDU-ČSL,0.045,W01/19
321,Median,2019-01-01,STAN,0.04,W01/19
322,Median,2019-01-01,Zelení,0.01,W01/19
323,CVVM,2019-01-11,ANO,0.31,W02/19
324,CVVM,2019-01-11,ČSSD,0.125,W02/19
325,CVVM,2019-01-11,KSČM,0.095,W02/19
326,CVVM,2019-01-11,ODS,0.13,W02/19
327,CVVM,2019-01-11,TOP 09,0.03,W02/19
328,CVVM,2019-01-11,KDU-ČSL,0.05,W02/19
329,CVVM,2019-01-11,Piráti,0.15,W02/19
330,CVVM,2019-01-11,SPD,0.04,W02/19
331,CVVM,2019-01-11,STAN,0.035,W02/19
332,CVVM,2019-01-11,Zelení,0.015,W02/19
333,Kantar,2019-01-22,ANO,0.32,W04/19
334,Kantar,2019-01-22,ODS,0.135,W04/19
335,Kantar,2019-01-22,Piráti,0.165,W04/19
336,Kantar,2019-01-22,KSČM,0.065,W04/19
337,Kantar,2019-01-22,SPD,0.07,W04/19
338,Kantar,2019-01-22,ČSSD,0.05,W04/19
339,Kantar,2019-01-22,KDU-ČSL,0.05,W04/19
340,Kantar,2019-01-22,STAN,0.05,W04/19
341,Kantar,2019-01-22,TOP 09,0.055,W04/19
342,STEM,2019-01-31,ANO,0.319,W05/19
343,STEM,2019-01-31,ODS,0.11,W05/19
344,STEM,2019-01-31,Piráti,0.157,W05/19
345,STEM,2019-01-31,KSČM,0.085,W05/19
346,STEM,2019-01-31,SPD,0.077,W05/19
347,STEM,2019-01-31,ČSSD,0.083,W05/19
348,STEM,2019-01-31,KDU-ČSL,0.06,W05/19
349,STEM,2019-01-31,STAN,0.04,W05/19
350,STEM,2019-01-31,TOP 09,0.036000000000000004,W05/19
351,STEM,2019-01-31,Zelení,0.01,W05/19
352,CVVM,2019-02-07,ANO,0.305,W06/19
353,CVVM,2019-02-07,ČSSD,0.11,W06/19
354,CVVM,2019-02-07,KSČM,0.1,W06/19
355,CVVM,2019-02-07,ODS,0.145,W06/19
356,CVVM,2019-02-07,TOP 09,0.03,W06/19
357,CVVM,2019-02-07,KDU-ČSL,0.05,W06/19
358,CVVM,2019-02-07,Piráti,0.145,W06/19
359,CVVM,2019-02-07,SPD,0.045,W06/19
360,CVVM,2019-02-07,STAN,0.045,W06/19
361,CVVM,2019-02-07,Zelení,0.01,W06/19
362,Median,2019-02-08,ANO,0.335,W06/19
363,Median,2019-02-08,ODS,0.13,W06/19
364,Median,2019-02-08,Piráti,0.13,W06/19
365,Median,2019-02-08,SPD,0.07,W06/19
366,Median,2019-02-08,KSČM,0.075,W06/19
367,Median,2019-02-08,ČSSD,0.08,W06/19
368,Median,2019-02-08,TOP 09,0.04,W06/19
369,Median,2019-02-08,KDU-ČSL,0.06,W06/19
370,Median,2019-02-08,STAN,0.05,W06/19
371,Median,2019-02-08,Zelení,0.015,W06/19
372,Kantar,2019-02-19,ANO,0.31,W08/19
373,Kantar,2019-02-19,ODS,0.125,W08/19
374,Kantar,2019-02-19,Piráti,0.175,W08/19
375,Kantar,2019-02-19,KSČM,0.06,W08/19
376,Kantar,2019-02-19,SPD,0.095,W08/19
377,Kantar,2019-02-19,ČSSD,0.065,W08/19
378,Kantar,2019-02-19,KDU-ČSL,0.045,W08/19
379,Kantar,2019-02-19,STAN,0.05,W08/19
380,Kantar,2019-02-19,TOP 09,0.04,W08/19
381,CVVM,2019-03-07,ANO,0.32,W10/19
382,CVVM,2019-03-07,ČSSD,0.125,W10/19
383,CVVM,2019-03-07,KSČM,0.085,W10/19
384,CVVM,2019-03-07,ODS,0.14,W10/19
385,CVVM,2019-03-07,TOP 09,0.04,W10/19
386,CVVM,2019-03-07,KDU-ČSL,0.055,W10/19
387,CVVM,2019-03-07,Piráti,0.125,W10/19
388,CVVM,2019-03-07,SPD,0.045,W10/19
389,CVVM,2019-03-07,STAN,0.035,W10/19
390,CVVM,2019-03-07,Zelení,0.01,W10/19
391,Median,2019-03-10,ANO,0.305,W10/19
392,Median,2019-03-10,ODS,0.14,W10/19
393,Median,2019-03-10,Piráti,0.14,W10/19
394,Median,2019-03-10,SPD,0.085,W10/19
395,Median,2019-03-10,KSČM,0.08,W10/19
396,Median,2019-03-10,ČSSD,0.08,W10/19
397,Median,2019-03-10,TOP 09,0.04,W10/19
398,Median,2019-03-10,KDU-ČSL,0.05,W10/19
399,Median,2019-03-10,STAN,0.05,W10/19
400,Median,2019-03-10,Zelení,0.01,W10/19
401,Kantar,2019-03-26,ANO,0.33,W13/19
402,Kantar,2019-03-26,ODS,0.135,W13/19
403,Kantar,2019-03-26,Piráti,0.19,W13/19
404,Kantar,2019-03-26,KSČM,0.06,W13/19
405,Kantar,2019-03-26,SPD,0.055,W13/19
406,Kantar,2019-03-26,ČSSD,0.065,W13/19
407,Kantar,2019-03-26,KDU-ČSL,0.05,W13/19
408,Kantar,2019-03-26,STAN,0.035,W13/19
409,Kantar,2019-03-26,TOP 09,0.04,W13/19
410,Kantar,2019-03-26,Zelení,0.02,W13/19
411,CVVM,2019-04-04,ANO,0.32,W14/19
412,CVVM,2019-04-04,ČSSD,0.125,W14/19
413,CVVM,2019-04-04,KSČM,0.11,W14/19
414,CVVM,2019-04-04,ODS,0.14,W14/19
415,CVVM,2019-04-04,TOP 09,0.03,W14/19
416,CVVM,2019-04-04,KDU-ČSL,0.04,W14/19
417,CVVM,2019-04-04,Piráti,0.125,W14/19
418,CVVM,2019-04-04,SPD,0.06,W14/19
419,CVVM,2019-04-04,STAN,0.035,W14/19
420,CVVM,2019-04-04,Zelení,0.01,W14/19
421,Median,2019-04-08,ANO,0.295,W15/19
422,Median,2019-04-08,ODS,0.145,W15/19
423,Median,2019-04-08,Piráti,0.14,W15/19
424,Median,2019-04-08,SPD,0.075,W15/19
425,Median,2019-04-08,KSČM,0.065,W15/19
426,Median,2019-04-08,ČSSD,0.09,W15/19
427,Median,2019-04-08,TOP 09,0.04,W15/19
428,Median,2019-04-08,KDU-ČSL,0.045,W15/19
429,Median,2019-04-08,STAN,0.055,W15/19
430,Median,2019-04-08,Zelení,0.015,W15/19
431,STEM,2019-04-11,ANO,0.34,W15/19
432,STEM,2019-04-11,ODS,0.132,W15/19
433,STEM,2019-04-11,Piráti,0.111,W15/19
434,STEM,2019-04-11,KSČM,0.095,W15/19
435,STEM,2019-04-11,SPD,0.098,W15/19
436,STEM,2019-04-11,ČSSD,0.078,W15/19
437,STEM,2019-04-11,KDU-ČSL,0.049,W15/19
438,STEM,2019-04-11,STAN,0.033,W15/19
439,STEM,2019-04-11,TOP 09,0.037000000000000005,W15/19
440,STEM,2019-04-11,Zelení,0.01,W15/19
441,Kantar,2019-04-22,ANO,0.3,W17/19
442,Kantar,2019-04-22,ODS,0.135,W17/19
443,Kantar,2019-04-22,Piráti,0.16,W17/19
444,Kantar,2019-04-22,KSČM,0.06,W17/19
445,Kantar,2019-04-22,SPD,0.085,W17/19
446,Kantar,2019-04-22,ČSSD,0.065,W17/19
447,Kantar,2019-04-22,KDU-ČSL,0.055,W17/19
448,Kantar,2019-04-22,STAN,0.06,W17/19
449,Kantar,2019-04-22,TOP 09,0.04,W17/19
450,Median,2019-05-09,ANO,0.305,W19/19
451,Median,2019-05-09,ODS,0.145,W19/19
452,Median,2019-05-09,Piráti,0.12,W19/19
453,Median,2019-05-09,SPD,0.1,W19/19
454,Median,2019-05-09,KSČM,0.06,W19/19
455,Median,2019-05-09,ČSSD,0.085,W19/19
456,Median,2019-05-09,TOP 09,0.045,W19/19
457,Median,2019-05-09,KDU-ČSL,0.055,W19/19
458,Median,2019-05-09,STAN,0.05,W19/19
459,Median,2019-05-09,Zelení,0.01,W19/19
460,CVVM,2019-05-09,ANO,0.28,W19/19
461,CVVM,2019-05-09,ČSSD,0.095,W19/19
462,CVVM,2019-05-09,KSČM,0.11,W19/19
463,CVVM,2019-05-09,ODS,0.17,W19/19
464,CVVM,2019-05-09,TOP 09,0.03,W19/19
465,CVVM,2019-05-09,KDU-ČSL,0.045,W19/19
466,CVVM,2019-05-09,Piráti,0.135,W19/19
467,CVVM,2019-05-09,SPD,0.05,W19/19
468,CVVM,2019-05-09,STAN,0.045,W19/19
469,CVVM,2019-05-09,Zelení,0.02,W19/19
470,Kantar,2019-05-21,ANO,0.275,W21/19
471,Kantar,2019-05-21,ODS,0.125,W21/19
472,Kantar,2019-05-21,Piráti,0.175,W21/19
473,Kantar,2019-05-21,KSČM,0.065,W21/19
474,Kantar,2019-05-21,SPD,0.105,W21/19
475,Kantar,2019-05-21,ČSSD,0.06,W21/19
476,Kantar,2019-05-21,KDU-ČSL,0.045,W21/19
477,Kantar,2019-05-21,STAN,0.07,W21/19
478,Kantar,2019-05-21,TOP 09,0.04,W21/19
479,Kantar,2019-05-21,Zelení,0.02,W21/19
480,CVVM,2019-06-12,ANO,0.29,W24/19
481,CVVM,2019-06-12,ČSSD,0.075,W24/19
482,CVVM,2019-06-12,KSČM,0.09,W24/19
483,CVVM,2019-06-12,ODS,0.15,W24/19
484,CVVM,2019-06-12,TOP 09,0.03,W24/19
485,CVVM,2019-06-12,KDU-ČSL,0.05,W24/19
486,CVVM,2019-06-12,Piráti,0.17,W24/19
487,CVVM,2019-06-12,SPD,0.065,W24/19
488,CVVM,2019-06-12,STAN,0.045,W24/19
489,CVVM,2019-06-12,Zelení,0.01,W24/19
490,CVVM,2019-06-12,Trikolóra,0.01,W24/19
491,Kantar,2019-06-21,ANO,0.255,W25/19
492,Kantar,2019-06-21,ODS,0.13,W25/19
493,Kantar,2019-06-21,Piráti,0.185,W25/19
494,Kantar,2019-06-21,KSČM,0.055,W25/19
495,Kantar,2019-06-21,SPD,0.085,W25/19
496,Kantar,2019-06-21,ČSSD,0.065,W25/19
497,Kantar,2019-06-21,KDU-ČSL,0.045,W25/19
498,Kantar,2019-06-21,STAN,0.06,W25/19
499,Kantar,2019-06-21,TOP 09,0.05,W25/19
500,Kantar,2019-06-21,Trikolóra,0.03,W25/19
501,STEM,2019-06-22,ANO,0.325,W25/19
502,STEM,2019-06-22,ODS,0.131,W25/19
503,STEM,2019-06-22,Piráti,0.156,W25/19
504,STEM,2019-06-22,KSČM,0.078,W25/19
505,STEM,2019-06-22,SPD,0.079,W25/19
506,STEM,2019-06-22,ČSSD,0.064,W25/19
507,STEM,2019-06-22,KDU-ČSL,0.055,W25/19
508,STEM,2019-06-22,STAN,0.038,W25/19
509,STEM,2019-06-22,TOP 09,0.037000000000000005,W25/19
510,STEM,2019-06-22,Zelení,0.019,W25/19
511,Median,2019-06-15,ANO,0.29,W24/19
512,Median,2019-06-15,ODS,0.145,W24/19
513,Median,2019-06-15,Piráti,0.13,W24/19
514,Median,2019-06-15,SPD,0.09,W24/19
515,Median,2019-06-15,KSČM,0.075,W24/19
516,Median,2019-06-15,ČSSD,0.075,W24/19
517,Median,2019-06-15,TOP 09,0.045,W24/19
518,Median,2019-06-15,KDU-ČSL,0.055,W24/19
519,Median,2019-06-15,STAN,0.05,W24/19
520,Median,2019-06-15,Zelení,0.025,W24/19
521,Median,2019-07-13,ANO,0.285,W28/19
522,Median,2019-07-13,ODS,0.125,W28/19
523,Median,2019-07-13,Piráti,0.14,W28/19
524,Median,2019-07-13,SPD,0.09,W28/19
525,Median,2019-07-13,KSČM,0.065,W28/19
526,Median,2019-07-13,ČSSD,0.08,W28/19
527,Median,2019-07-13,TOP 09,0.045,W28/19
528,Median,2019-07-13,KDU-ČSL,0.06,W28/19
529,Median,2019-07-13,STAN,0.06,W28/19
530,Median,2019-07-13,Zelení,0.02,W28/19
531,Median,2019-08-11,ANO,0.295,W32/19
532,Median,2019-08-11,ODS,0.13,W32/19
533,Median,2019-08-11,Piráti,0.145,W32/19
534,Median,2019-08-11,SPD,0.085,W32/19
535,Median,2019-08-11,KSČM,0.06,W32/19
536,Median,2019-08-11,ČSSD,0.065,W32/19
537,Median,2019-08-11,TOP 09,0.055,W32/19
538,Median,2019-08-11,KDU-ČSL,0.05,W32/19
539,Median,2019-08-11,STAN,0.05,W32/19
540,Median,2019-08-11,Zelení,0.02,W32/19
541,Median,2019-08-11,Trikolóra,0.02,W32/19
542,Kantar,2019-08-20,ANO,0.3,W34/19
543,Kantar,2019-08-20,ODS,0.145,W34/19
544,Kantar,2019-08-20,Piráti,0.17,W34/19
545,Kantar,2019-08-20,KSČM,0.045,W34/19
546,Kantar,2019-08-20,SPD,0.08,W34/19
547,Kantar,2019-08-20,ČSSD,0.06,W34/19
548,Kantar,2019-08-20,KDU-ČSL,0.05,W34/19
549,Kantar,2019-08-20,STAN,0.05,W34/19
550,Kantar,2019-08-20,TOP 09,0.045,W34/19
551,Kantar,2019-08-20,Trikolóra,0.035,W34/19
552,Kantar,2019-08-20,Zelení,0.02,W34/19
553,Median,2019-09-13,ANO,0.31,W37/19
554,Median,2019-09-13,ODS,0.125,W37/19
555,Median,2019-09-13,Piráti,0.135,W37/19
556,Median,2019-09-13,SPD,0.075,W37/19
557,Median,2019-09-13,KSČM,0.065,W37/19
558,Median,2019-09-13,ČSSD,0.07,W37/19
559,Median,2019-09-13,TOP 09,0.055,W37/19
560,Median,2019-09-13,KDU-ČSL,0.055,W37/19
561,Median,2019-09-13,STAN,0.055,W37/19
562,Median,2019-09-13,Zelení,0.02,W37/19
563,Median,2019-09-13,Trikolóra,0.015,W37/19
564,CVVM,2019-09-12,ANO,0.3,W37/19
565,CVVM,2019-09-12,ČSSD,0.095,W37/19
566,CVVM,2019-09-12,KSČM,0.085,W37/19
567,CVVM,2019-09-12,ODS,0.12,W37/19
568,CVVM,2019-09-12,TOP 09,0.04,W37/19
569,CVVM,2019-09-12,KDU-ČSL,0.045,W37/19
570,CVVM,2019-09-12,Piráti,0.13,W37/19
571,CVVM,2019-09-12,SPD,0.085,W37/19
572,CVVM,2019-09-12,STAN,0.045,W37/19
573,CVVM,2019-09-12,Zelení,0.01,W37/19
574,CVVM,2019-09-12,Trikolóra,0.02,W37/19
575,Kantar,2019-09-25,ANO,0.3,W39/19
576,Kantar,2019-09-25,ODS,0.145,W39/19
577,Kantar,2019-09-25,Piráti,0.155,W39/19
578,Kantar,2019-09-25,KSČM,0.065,W39/19
579,Kantar,2019-09-25,SPD,0.06,W39/19
580,Kantar,2019-09-25,ČSSD,0.05,W39/19
581,Kantar,2019-09-25,KDU-ČSL,0.05,W39/19
582,Kantar,2019-09-25,STAN,0.055,W39/19
583,Kantar,2019-09-25,TOP 09,0.05,W39/19
584,Kantar,2019-09-25,Trikolóra,0.035,W39/19
585,Median,2019-10-14,ANO,0.305,W42/19
586,Median,2019-10-14,ODS,0.115,W42/19
587,Median,2019-10-14,Piráti,0.125,W42/19
588,Median,2019-10-14,SPD,0.08,W42/19
589,Median,2019-10-14,KSČM,0.07,W42/19
590,Median,2019-10-14,ČSSD,0.075,W42/19
591,Median,2019-10-14,TOP 09,0.06,W42/19
592,Median,2019-10-14,KDU-ČSL,0.045,W42/19
593,Median,2019-10-14,STAN,0.06,W42/19
594,Median,2019-10-14,Zelení,0.02,W42/19
595,Median,2019-10-14,Trikolóra,0.015,W42/19
596,CVVM,2019-10-12,ANO,0.335,W41/19
597,CVVM,2019-10-12,ČSSD,0.1,W41/19
598,CVVM,2019-10-12,KSČM,0.085,W41/19
599,CVVM,2019-10-12,ODS,0.135,W41/19
600,CVVM,2019-10-12,TOP 09,0.04,W41/19
601,CVVM,2019-10-12,KDU-ČSL,0.05,W41/19
602,CVVM,2019-10-12,Piráti,0.14,W41/19
603,CVVM,2019-10-12,SPD,0.045,W41/19
604,CVVM,2019-10-12,STAN,0.025,W41/19
605,CVVM,2019-10-12,Zelení,0.01,W41/19
606,CVVM,2019-10-12,Trikolóra,0.03,W41/19
607,STEM,2019-10-18,ANO,0.331,W42/19
608,STEM,2019-10-18,ODS,0.105,W42/19
609,STEM,2019-10-18,Piráti,0.122,W42/19
610,STEM,2019-10-18,KSČM,0.084,W42/19
611,STEM,2019-10-18,SPD,0.075,W42/19
612,STEM,2019-10-18,ČSSD,0.065,W42/19
613,STEM,2019-10-18,KDU-ČSL,0.055999999999999994,W42/19
614,STEM,2019-10-18,STAN,0.043,W42/19
615,STEM,2019-10-18,TOP 09,0.044000000000000004,W42/19
616,STEM,2019-10-18,Zelení,0.013999999999999999,W42/19
617,STEM,2019-10-18,Trikolóra,0.042,W42/19
618,Kantar,2019-10-22,ANO,0.315,W43/19
619,Kantar,2019-10-22,ODS,0.125,W43/19
620,Kantar,2019-10-22,Piráti,0.17,W43/19
621,Kantar,2019-10-22,KSČM,0.07,W43/19
622,Kantar,2019-10-22,SPD,0.045,W43/19
623,Kantar,2019-10-22,ČSSD,0.045,W43/19
624,Kantar,2019-10-22,KDU-ČSL,0.05,W43/19
625,Kantar,2019-10-22,STAN,0.05,W43/19
626,Kantar,2019-10-22,TOP 09,0.06,W43/19
627,Kantar,2019-10-22,Trikolóra,0.035,W43/19
628,CVVM,2019-11-08,ANO,0.3,W45/19
629,CVVM,2019-11-08,ČSSD,0.09,W45/19
630,CVVM,2019-11-08,KSČM,0.09,W45/19
631,CVVM,2019-11-08,ODS,0.14,W45/19
632,CVVM,2019-11-08,TOP 09,0.035,W45/19
633,CVVM,2019-11-08,KDU-ČSL,0.055,W45/19
634,CVVM,2019-11-08,Piráti,0.135,W45/19
635,CVVM,2019-11-08,SPD,0.055,W45/19
636,CVVM,2019-11-08,STAN,0.04,W45/19
637,CVVM,2019-11-08,Zelení,0.01,W45/19
638,CVVM,2019-11-08,Trikolóra,0.035,W45/19
639,Median,2019-11-14,ANO,0.305,W46/19
640,Median,2019-11-14,ODS,0.125,W46/19
641,Median,2019-11-14,Piráti,0.125,W46/19
642,Median,2019-11-14,SPD,0.075,W46/19
643,Median,2019-11-14,KSČM,0.075,W46/19
644,Median,2019-11-14,ČSSD,0.075,W46/19
645,Median,2019-11-14,TOP 09,0.055,W46/19
646,Median,2019-11-14,KDU-ČSL,0.05,W46/19
647,Median,2019-11-14,STAN,0.06,W46/19
648,Median,2019-11-14,Zelení,0.015,W46/19
649,Median,2019-11-14,Trikolóra,0.02,W46/19
650,Kantar,2019-11-16,ANO,0.285,W46/19
651,Kantar,2019-11-16,ODS,0.145,W46/19
652,Kantar,2019-11-16,Piráti,0.135,W46/19
653,Kantar,2019-11-16,KSČM,0.05,W46/19
654,Kantar,2019-11-16,SPD,0.065,W46/19
655,Kantar,2019-11-16,ČSSD,0.06,W46/19
656,Kantar,2019-11-16,KDU-ČSL,0.045,W46/19
657,Kantar,2019-11-16,STAN,0.065,W46/19
658,Kantar,2019-11-16,TOP 09,0.055,W46/19
659,Kantar,2019-11-16,Trikolóra,0.065,W46/19
660,STEM,2019-11-20,ANO,0.349,W47/19
661,STEM,2019-11-20,ODS,0.106,W47/19
662,STEM,2019-11-20,Piráti,0.109,W47/19
663,STEM,2019-11-20,KSČM,0.071,W47/19
664,STEM,2019-11-20,SPD,0.091,W47/19
665,STEM,2019-11-20,ČSSD,0.064,W47/19
666,STEM,2019-11-20,KDU-ČSL,0.055,W47/19
667,STEM,2019-11-20,STAN,0.07200000000000001,W47/19
668,STEM,2019-11-20,TOP 09,0.037000000000000005,W47/19
669,STEM,2019-11-20,Zelení,0.01,W47/19
670,STEM,2019-11-20,Trikolóra,0.019,W47/19
671,CVVM,2019-12-05,ANO,0.295,W49/19
672,CVVM,2019-12-05,ČSSD,0.1,W49/19
673,CVVM,2019-12-05,KSČM,0.08,W49/19
674,CVVM,2019-12-05,ODS,0.125,W49/19
675,CVVM,2019-12-05,TOP 09,0.035,W49/19
676,CVVM,2019-12-05,KDU-ČSL,0.065,W49/19
677,CVVM,2019-12-05,Piráti,0.14,W49/19
678,CVVM,2019-12-05,SPD,0.055,W49/19
679,CVVM,2019-12-05,STAN,0.04,W49/19
680,CVVM,2019-12-05,Zelení,0.015,W49/19
681,CVVM,2019-12-05,Trikolóra,0.035,W49/19
682,STEM,2019-12-04,ANO,0.336,W49/19
683,STEM,2019-12-04,ODS,0.12300000000000001,W49/19
684,STEM,2019-12-04,Piráti,0.12300000000000001,W49/19
685,STEM,2019-12-04,KSČM,0.08199999999999999,W49/19
686,STEM,2019-12-04,SPD,0.055999999999999994,W49/19
687,STEM,2019-12-04,ČSSD,0.064,W49/19
688,STEM,2019-12-04,KDU-ČSL,0.064,W49/19
689,STEM,2019-12-04,STAN,0.055,W49/19
690,STEM,2019-12-04,TOP 09,0.057999999999999996,W49/19
691,STEM,2019-12-04,Zelení,0.01,W49/19
692,STEM,2019-12-04,Trikolóra,0.005,W49/19
693,CVVM,2020-01-16,ANO,0.32,W03/20
694,CVVM,2020-01-16,ČSSD,0.085,W03/20
695,CVVM,2020-01-16,KSČM,0.075,W03/20
696,CVVM,2020-01-16,ODS,0.15,W03/20
697,CVVM,2020-01-16,TOP 09,0.05,W03/20
698,CVVM,2020-01-16,KDU-ČSL,0.055,W03/20
699,CVVM,2020-01-16,Piráti,0.135,W03/20
700,CVVM,2020-01-16,SPD,0.04,W03/20
701,CVVM,2020-01-16,STAN,0.055,W03/20
702,CVVM,2020-01-16,Zelení,0.01,W03/20
703,CVVM,2020-01-16,Trikolóra,0.02,W03/20
704,Kantar,2020-01-22,ANO,0.3,W04/20
705,Kantar,2020-01-22,ODS,0.125,W04/20
706,Kantar,2020-01-22,Piráti,0.165,W04/20
707,Kantar,2020-01-22,KSČM,0.065,W04/20
708,Kantar,2020-01-22,SPD,0.075,W04/20
709,Kantar,2020-01-22,ČSSD,0.05,W04/20
710,Kantar,2020-01-22,KDU-ČSL,0.05,W04/20
711,Kantar,2020-01-22,STAN,0.05,W04/20
712,Kantar,2020-01-22,TOP 09,0.055,W04/20
713,Kantar,2020-01-22,Trikolóra,0.025,W04/20
714,Kantar,2020-01-22,Zelení,0.02,W04/20
715,Median,2020-01-22,ANO,0.3,W04/20
716,Median,2020-01-22,ODS,0.14,W04/20
717,Median,2020-01-22,Piráti,0.115,W04/20
718,Median,2020-01-22,SPD,0.075,W04/20
719,Median,2020-01-22,KSČM,0.08,W04/20
720,Median,2020-01-22,ČSSD,0.07,W04/20
721,Median,2020-01-22,TOP 09,0.045,W04/20
722,Median,2020-01-22,KDU-ČSL,0.05,W04/20
723,Median,2020-01-22,STAN,0.06,W04/20
724,Median,2020-01-22,Zelení,0.02,W04/20
725,Median,2020-01-22,Trikolóra,0.02,W04/20
726,STEM,2020-01-30,ANO,0.327,W05/20
727,STEM,2020-01-30,ODS,0.098,W05/20
728,STEM,2020-01-30,Piráti,0.136,W05/20
729,STEM,2020-01-30,KSČM,0.077,W05/20
730,STEM,2020-01-30,SPD,0.081,W05/20
731,STEM,2020-01-30,ČSSD,0.055,W05/20
732,STEM,2020-01-30,KDU-ČSL,0.055,W05/20
733,STEM,2020-01-30,STAN,0.045,W05/20
734,STEM,2020-01-30,TOP 09,0.040999999999999995,W05/20
735,STEM,2020-01-30,Zelení,0.015,W05/20
736,STEM,2020-01-30,Trikolóra,0.048,W05/20
737,CVVM,2020-02-07,ANO,0.33,W06/20
738,CVVM,2020-02-07,ČSSD,0.09,W06/20
739,CVVM,2020-02-07,KSČM,0.08,W06/20
740,CVVM,2020-02-07,ODS,0.14,W06/20
741,CVVM,2020-02-07,TOP 09,0.035,W06/20
742,CVVM,2020-02-07,KDU-ČSL,0.06,W06/20
743,CVVM,2020-02-07,Piráti,0.13,W06/20
744,CVVM,2020-02-07,SPD,0.05,W06/20
745,CVVM,2020-02-07,STAN,0.035,W06/20
746,CVVM,2020-02-07,Zelení,0.02,W06/20
747,CVVM,2020-02-07,Trikolóra,0.02,W06/20
748,Kantar,2020-02-19,ANO,0.31,W08/20
749,Kantar,2020-02-19,ODS,0.13,W08/20
750,Kantar,2020-02-19,Piráti,0.155,W08/20
751,Kantar,2020-02-19,KSČM,0.045,W08/20
752,Kantar,2020-02-19,SPD,0.065,W08/20
753,Kantar,2020-02-19,ČSSD,0.055,W08/20
754,Kantar,2020-02-19,KDU-ČSL,0.05,W08/20
755,Kantar,2020-02-19,STAN,0.065,W08/20
756,Kantar,2020-02-19,TOP 09,0.055,W08/20
757,Kantar,2020-02-19,Trikolóra,0.03,W08/20
758,CVVM,2020-03-05,ANO,0.33,W10/20
759,CVVM,2020-03-05,ČSSD,0.085,W10/20
760,CVVM,2020-03-05,KSČM,0.07,W10/20
761,CVVM,2020-03-05,ODS,0.145,W10/20
762,CVVM,2020-03-05,TOP 09,0.045,W10/20
763,CVVM,2020-03-05,KDU-ČSL,0.07,W10/20
764,CVVM,2020-03-05,Piráti,0.125,W10/20
765,CVVM,2020-03-05,SPD,0.045,W10/20
766,CVVM,2020-03-05,STAN,0.045,W10/20
767,CVVM,2020-03-05,Zelení,0.01,W10/20
768,CVVM,2020-03-05,Trikolóra,0.02,W10/20
769,Median,2020-03-13,ANO,0.295,W11/20
770,Median,2020-03-13,ODS,0.13,W11/20
771,Median,2020-03-13,Piráti,0.12,W11/20
772,Median,2020-03-13,SPD,0.06,W11/20
773,Median,2020-03-13,KSČM,0.075,W11/20
774,Median,2020-03-13,ČSSD,0.075,W11/20
775,Median,2020-03-13,TOP 09,0.055,W11/20
776,Median,2020-03-13,KDU-ČSL,0.05,W11/20
777,Median,2020-03-13,STAN,0.055,W11/20
778,Median,2020-03-13,Zelení,0.015,W11/20
779,Median,2020-03-13,Trikolóra,0.03,W11/20
780,Kantar,2020-03-18,ANO,0.345,W12/20
781,Kantar,2020-03-18,ODS,0.14,W12/20
782,Kantar,2020-03-18,Piráti,0.135,W12/20
783,Kantar,2020-03-18,KSČM,0.055,W12/20
784,Kantar,2020-03-18,SPD,0.055,W12/20
785,Kantar,2020-03-18,ČSSD,0.06,W12/20
786,Kantar,2020-03-18,KDU-ČSL,0.045,W12/20
787,Kantar,2020-03-18,STAN,0.055,W12/20
788,Kantar,2020-03-18,TOP 09,0.055,W12/20
789,Kantar,2020-03-18,Trikolóra,0.025,W12/20
790,STEM,2020-03-10,ANO,0.308,W11/20
791,STEM,2020-03-10,ODS,0.11800000000000001,W11/20
792,STEM,2020-03-10,Piráti,0.152,W11/20
793,STEM,2020-03-10,KSČM,0.07400000000000001,W11/20
794,STEM,2020-03-10,SPD,0.086,W11/20
795,STEM,2020-03-10,ČSSD,0.07,W11/20
796,STEM,2020-03-10,KDU-ČSL,0.055,W11/20
797,STEM,2020-03-10,STAN,0.057,W11/20
798,STEM,2020-03-10,TOP 09,0.043,W11/20
799,STEM,2020-03-10,Zelení,0.006,W11/20
800,STEM,2020-03-10,Trikolóra,0.02,W11/20
801,Kantar,2020-04-22,ANO,0.34,W17/20
802,Kantar,2020-04-22,ODS,0.115,W17/20
803,Kantar,2020-04-22,Piráti,0.16,W17/20
804,Kantar,2020-04-22,KSČM,0.055,W17/20
805,Kantar,2020-04-22,SPD,0.07,W17/20
806,Kantar,2020-04-22,ČSSD,0.055,W17/20
807,Kantar,2020-04-22,KDU-ČSL,0.04,W17/20
808,Kantar,2020-04-22,STAN,0.055,W17/20
809,Kantar,2020-04-22,TOP 09,0.065,W17/20
810,Kantar,2020-04-22,Trikolóra,0.025,W17/20
811,STEM,2020-05-27,ANO,0.337,W22/20
812,STEM,2020-05-27,ODS,0.114,W22/20
813,STEM,2020-05-27,Piráti,0.128,W22/20
814,STEM,2020-05-27,KSČM,0.073,W22/20
815,STEM,2020-05-27,SPD,0.065,W22/20
816,STEM,2020-05-27,ČSSD,0.08900000000000001,W22/20
817,STEM,2020-05-27,KDU-ČSL,0.061,W22/20
818,STEM,2020-05-27,STAN,0.042,W22/20
819,STEM,2020-05-27,TOP 09,0.033,W22/20
820,STEM,2020-05-27,Zelení,0.013999999999999999,W22/20
821,STEM,2020-05-27,Trikolóra,0.035,W22/20
822,Kantar,2020-05-27,ANO,0.315,W22/20
823,Kantar,2020-05-27,ODS,0.135,W22/20
824,Kantar,2020-05-27,Piráti,0.17,W22/20
825,Kantar,2020-05-27,KSČM,0.05,W22/20
826,Kantar,2020-05-27,SPD,0.08,W22/20
827,Kantar,2020-05-27,ČSSD,0.055,W22/20
828,Kantar,2020-05-27,KDU-ČSL,0.04,W22/20
829,Kantar,2020-05-27,STAN,0.055,W22/20
830,Kantar,2020-05-27,TOP 09,0.05,W22/20
831,Kantar,2020-05-27,Trikolóra,0.02,W22/20
832,Kantar,2020-06-24,ANO,0.32,W26/20
833,Kantar,2020-06-24,ODS,0.13,W26/20
834,Kantar,2020-06-24,Piráti,0.18,W26/20
835,Kantar,2020-06-24,KSČM,0.055,W26/20
836,Kantar,2020-06-24,SPD,0.055,W26/20
837,Kantar,2020-06-24,ČSSD,0.05,W26/20
838,Kantar,2020-06-24,KDU-ČSL,0.045,W26/20
839,Kantar,2020-06-24,STAN,0.06,W26/20
840,Kantar,2020-06-24,TOP 09,0.055,W26/20
841,Kantar,2020-06-24,Trikolóra,0.03,W26/20
842,CVVM,2020-06-26,ANO,0.29,W26/20
843,CVVM,2020-06-26,ČSSD,0.13,W26/20
844,CVVM,2020-06-26,KSČM,0.075,W26/20
845,CVVM,2020-06-26,ODS,0.14,W26/20
846,CVVM,2020-06-26,TOP 09,0.045,W26/20
847,CVVM,2020-06-26,KDU-ČSL,0.045,W26/20
848,CVVM,2020-06-26,Piráti,0.135,W26/20
849,CVVM,2020-06-26,SPD,0.04,W26/20
850,CVVM,2020-06-26,STAN,0.05,W26/20
851,CVVM,2020-06-26,Zelení,0.015,W26/20
852,CVVM,2020-06-26,Trikolóra,0.02,W26/20
853,CVVM,2020-07-23,ANO,0.29,W30/20
854,CVVM,2020-07-23,ČSSD,0.095,W30/20
855,CVVM,2020-07-23,KSČM,0.075,W30/20
856,CVVM,2020-07-23,ODS,0.12,W30/20
857,CVVM,2020-07-23,TOP 09,0.035,W30/20
858,CVVM,2020-07-23,KDU-ČSL,0.065,W30/20
859,CVVM,2020-07-23,Piráti,0.145,W30/20
860,CVVM,2020-07-23,SPD,0.06,W30/20
861,CVVM,2020-07-23,STAN,0.055,W30/20
862,CVVM,2020-07-23,Zelení,0.015,W30/20
863,CVVM,2020-07-23,Trikolóra,0.025,W30/20
864,Median,2020-08-14,ANO,0.295,W33/20
865,Median,2020-08-14,ODS,0.11,W33/20
866,Median,2020-08-14,Piráti,0.125,W33/20
867,Median,2020-08-14,SPD,0.075,W33/20
868,Median,2020-08-14,KSČM,0.07,W33/20
869,Median,2020-08-14,ČSSD,0.095,W33/20
870,Median,2020-08-14,TOP 09,0.065,W33/20
871,Median,2020-08-14,KDU-ČSL,0.055,W33/20
872,Median,2020-08-14,STAN,0.05,W33/20
873,Median,2020-08-14,Zelení,0.02,W33/20
874,Median,2020-08-14,Trikolóra,0.025,W33/20
875,Kantar,2020-09-02,ANO,0.275,W36/20
876,Kantar,2020-09-02,ODS,0.15,W36/20
877,Kantar,2020-09-02,Piráti,0.195,W36/20
878,Kantar,2020-09-02,KSČM,0.045,W36/20
879,Kantar,2020-09-02,SPD,0.08,W36/20
880,Kantar,2020-09-02,ČSSD,0.055,W36/20
881,Kantar,2020-09-02,KDU-ČSL,0.04,W36/20
882,Kantar,2020-09-02,STAN,0.065,W36/20
883,Kantar,2020-09-02,TOP 09,0.05,W36/20
884,Kantar,2020-09-02,Trikolóra,0.025,W36/20
885,STEM,2020-09-06,ANO,0.284,W36/20
886,STEM,2020-09-06,ODS,0.106,W36/20
887,STEM,2020-09-06,Piráti,0.128,W36/20
888,STEM,2020-09-06,KSČM,0.073,W36/20
889,STEM,2020-09-06,SPD,0.08800000000000001,W36/20
890,STEM,2020-09-06,ČSSD,0.073,W36/20
891,STEM,2020-09-06,KDU-ČSL,0.054000000000000006,W36/20
892,STEM,2020-09-06,STAN,0.075,W36/20
893,STEM,2020-09-06,TOP 09,0.053,W36/20
894,STEM,2020-09-06,Zelení,0.011000000000000001,W36/20
895,STEM,2020-09-06,Trikolóra,0.034,W36/20
896,CVVM,2020-09-12,ANO,0.315,W37/20
897,CVVM,2020-09-12,ČSSD,0.105,W37/20
898,CVVM,2020-09-12,KSČM,0.095,W37/20
899,CVVM,2020-09-12,ODS,0.125,W37/20
900,CVVM,2020-09-12,TOP 09,0.04,W37/20
901,CVVM,2020-09-12,KDU-ČSL,0.035,W37/20
902,CVVM,2020-09-12,Piráti,0.16,W37/20
903,CVVM,2020-09-12,SPD,0.045,W37/20
904,CVVM,2020-09-12,STAN,0.045,W37/20
905,CVVM,2020-09-12,Zelení,0.01,W37/20
906,CVVM,2020-09-12,Trikolóra,0.02,W37/20
907,Kantar,2020-09-30,ANO,0.245,W40/20
908,Kantar,2020-09-30,ODS,0.135,W40/20
909,Kantar,2020-09-30,Piráti,0.19,W40/20
910,Kantar,2020-09-30,KSČM,0.045,W40/20
911,Kantar,2020-09-30,SPD,0.08,W40/20
912,Kantar,2020-09-30,ČSSD,0.04,W40/20
913,Kantar,2020-09-30,KDU-ČSL,0.06,W40/20
914,Kantar,2020-09-30,STAN,0.095,W40/20
915,Kantar,2020-09-30,TOP 09,0.055,W40/20
916,Kantar,2020-09-30,Trikolóra,0.03,W40/20
917,Median,2020-10-15,ANO,0.285,W42/20
918,Median,2020-10-15,ODS,0.13,W42/20
919,Median,2020-10-15,Piráti,0.135,W42/20
920,Median,2020-10-15,SPD,0.075,W42/20
921,Median,2020-10-15,KSČM,0.07,W42/20
922,Median,2020-10-15,ČSSD,0.065,W42/20
923,Median,2020-10-15,TOP 09,0.065,W42/20
924,Median,2020-10-15,KDU-ČSL,0.05,W42/20
925,Median,2020-10-15,STAN,0.075,W42/20
926,Median,2020-10-15,Zelení,0.015,W42/20
927,Median,2020-10-15,Trikolóra,0.02,W42/20
928,Kantar,2020-10-28,ANO,0.275,W44/20
929,Kantar,2020-10-28,ODS,0.105,W44/20
930,Kantar,2020-10-28,Piráti,0.21,W44/20
931,Kantar,2020-10-28,KSČM,0.045,W44/20
932,Kantar,2020-10-28,SPD,0.09,W44/20
933,Kantar,2020-10-28,ČSSD,0.03,W44/20
934,Kantar,2020-10-28,KDU-ČSL,0.04,W44/20
935,Kantar,2020-10-28,STAN,0.11,W44/20
936,Kantar,2020-10-28,TOP 09,0.055,W44/20
937,Kantar,2020-10-28,Trikolóra,0.02,W44/20
938,Median,2020-11-15,ANO,0.285,W46/20
939,Median,2020-11-15,ODS,0.105,W46/20
940,Median,2020-11-15,Piráti,0.14,W46/20
941,Median,2020-11-15,SPD,0.085,W46/20
942,Median,2020-11-15,KSČM,0.06,W46/20
943,Median,2020-11-15,ČSSD,0.07,W46/20
944,Median,2020-11-15,TOP 09,0.05,W46/20
945,Median,2020-11-15,KDU-ČSL,0.045,W46/20
946,Median,2020-11-15,STAN,0.105,W46/20
947,Median,2020-11-15,Zelení,0.015,W46/20
948,Median,2020-11-15,Trikolóra,0.025,W46/20
949,Kantar,2020-11-23,ANO,0.25,W48/20
950,Kantar,2020-11-23,ODS,0.115,W48/20
951,Kantar,2020-11-23,Piráti,0.2,W48/20
952,Kantar,2020-11-23,KSČM,0.035,W48/20
953,Kantar,2020-11-23,SPD,0.105,W48/20
954,Kantar,2020-11-23,ČSSD,0.045,W48/20
955,Kantar,2020-11-23,KDU-ČSL,0.045,W48/20
956,Kantar,2020-11-23,STAN,0.105,W48/20
957,Kantar,2020-11-23,TOP 09,0.05,W48/20
958,Median,2021-01-15,ANO,0.265,W02/21
959,Median,2021-01-15,Piráti+STAN,0.25,W02/21
960,Median,2021-01-15,SPOLU,0.185,W02/21
961,Median,2021-01-15,SPD,0.09,W02/21
962,Median,2021-01-15,ČSSD,0.07,W02/21
963,Median,2021-01-15,KSČM,0.07,W02/21
964,Median,2021-01-15,Trikolóra,0.02,W02/21
965,Median,2021-01-15,Zelení,0.015,W02/21
966,Ipsos,2021-01-17,ANO,0.272,W02/21
967,Ipsos,2021-01-17,Piráti+STAN,0.23199999999999998,W02/21
968,Ipsos,2021-01-17,SPOLU,0.217,W02/21
969,Ipsos,2021-01-17,SPD,0.084,W02/21
970,Ipsos,2021-01-17,KSČM,0.06,W02/21
971,Ipsos,2021-01-17,ČSSD,0.057999999999999996,W02/21
972,Ipsos,2021-01-17,Trikolóra,0.036000000000000004,W02/21
973,Ipsos,2021-01-17,Zelení,0.012,W02/21
974,Kantar,2021-01-27,ANO,0.26,W04/21
975,Kantar,2021-01-27,ODS,0.105,W04/21
976,Kantar,2021-01-27,Piráti,0.21,W04/21
977,Kantar,2021-01-27,KSČM,0.05,W04/21
978,Kantar,2021-01-27,SPD,0.095,W04/21
979,Kantar,2021-01-27,ČSSD,0.035,W04/21
980,Kantar,2021-01-27,KDU-ČSL,0.045,W04/21
981,Kantar,2021-01-27,STAN,0.095,W04/21
982,Kantar,2021-01-27,TOP 09,0.045,W04/21
983,Kantar,2021-01-27,Piráti+STAN,0.295,W04/21
984,Kantar,2021-01-27,ANO,0.265,W04/21
985,Kantar,2021-01-27,SPOLU,0.195,W04/21
986,Kantar,2021-01-27,SPD,0.105,W04/21
987,Kantar,2021-01-27,KSČM,0.05,W04/21
988,Kantar,2021-01-27,ČSSD,0.04,W04/21
989,Median,2021-02-15,ANO,0.265,W07/21
990,Median,2021-02-15,Piráti+STAN,0.25,W07/21
991,Median,2021-02-15,SPOLU,0.185,W07/21
992,Median,2021-02-15,SPD,0.1,W07/21
993,Median,2021-02-15,ČSSD,0.045,W07/21
994,Median,2021-02-15,KSČM,0.08,W07/21
995,Median,2021-02-15,Trikolóra,0.025,W07/21
996,Median,2021-02-15,Zelení,0.015,W07/21
997,Ipsos,2021-02-17,ANO,0.254,W07/21
998,Ipsos,2021-02-17,Piráti+STAN,0.249,W07/21
999,Ipsos,2021-02-17,SPOLU,0.205,W07/21
1000,Ipsos,2021-02-17,SPD,0.094,W07/21
1001,Ipsos,2021-02-17,KSČM,0.048,W07/21
1002,Ipsos,2021-02-17,ČSSD,0.055,W07/21
1003,Ipsos,2021-02-17,Trikolóra,0.034,W07/21
1004,Ipsos,2021-02-17,Zelení,0.016,W07/21
1005,Kantar,2021-02-24,ANO,0.205,W08/21
1006,Kantar,2021-02-24,ODS,0.095,W08/21
1007,Kantar,2021-02-24,Piráti,0.22,W08/21
1008,Kantar,2021-02-24,KSČM,0.05,W08/21
1009,Kantar,2021-02-24,SPD,0.105,W08/21
1010,Kantar,2021-02-24,ČSSD,0.045,W08/21
1011,Kantar,2021-02-24,KDU-ČSL,0.045,W08/21
1012,Kantar,2021-02-24,STAN,0.13,W08/21
1013,Kantar,2021-02-24,TOP 09,0.055,W08/21
1014,Kantar,2021-02-24,Piráti+STAN,0.34,W08/21
1015,Kantar,2021-02-24,ANO,0.22,W08/21
1016,Kantar,2021-02-24,SPOLU,0.175,W08/21
1017,Kantar,2021-02-24,SPD,0.11,W08/21
1018,Kantar,2021-02-24,KSČM,0.055,W08/21
1019,Kantar,2021-02-24,ČSSD,0.045,W08/21
1020,Median,2021-03-15,ANO,0.245,W11/21
1021,Median,2021-03-15,Piráti+STAN,0.275,W11/21
1022,Median,2021-03-15,SPOLU,0.175,W11/21
1023,Median,2021-03-15,SPD,0.1,W11/21
1024,Median,2021-03-15,ČSSD,0.04,W11/21
1025,Median,2021-03-15,KSČM,0.075,W11/21
1026,Median,2021-03-15,Trikolóra,0.03,W11/21
1027,Median,2021-03-15,Zelení,0.02,W11/21
1028,Ipsos,2021-03-14,ANO,0.253,W10/21
1029,Ipsos,2021-03-14,Piráti+STAN,0.26899999999999996,W10/21
1030,Ipsos,2021-03-14,SPOLU,0.209,W10/21
1031,Ipsos,2021-03-14,SPD,0.095,W10/21
1032,Ipsos,2021-03-14,KSČM,0.04,W10/21
1033,Ipsos,2021-03-14,ČSSD,0.04,W10/21
1034,Ipsos,2021-03-14,Trikolóra,0.031,W10/21
1035,Ipsos,2021-03-14,Zelení,0.015,W10/21
1036,Kantar,2021-03-28,ANO,0.225,W12/21
1037,Kantar,2021-03-28,ODS,0.09,W12/21
1038,Kantar,2021-03-28,Piráti,0.2,W12/21
1039,Kantar,2021-03-28,KSČM,0.05,W12/21
1040,Kantar,2021-03-28,SPD,0.115,W12/21
1041,Kantar,2021-03-28,ČSSD,0.03,W12/21
1042,Kantar,2021-03-28,KDU-ČSL,0.04,W12/21
1043,Kantar,2021-03-28,STAN,0.12,W12/21
1044,Kantar,2021-03-28,TOP 09,0.065,W12/21
1045,Kantar,2021-03-28,Přísaha,0.02,W12/21
1046,Kantar,2021-03-28,Piráti+STAN,0.3,W12/21
1047,Kantar,2021-03-28,ANO,0.235,W12/21
1048,Kantar,2021-03-28,SPOLU,0.19,W12/21
1049,Kantar,2021-03-28,SPD,0.12,W12/21
1050,Kantar,2021-03-28,KSČM,0.05,W12/21
1051,Kantar,2021-03-28,ČSSD,0.03,W12/21
1052,Kantar,2021-03-28,Trikolóra+Svobodní+Soukromníci,0.025,W12/21
1053,Kantar,2021-03-28,Přísaha,0.02,W12/21
1054,Data Collect,2021-03-28,ANO,0.20800000000000002,W12/21
1055,Data Collect,2021-03-28,ODS,0.1,W12/21
1056,Data Collect,2021-03-28,Piráti,0.172,W12/21
1057,Data Collect,2021-03-28,KSČM,0.027000000000000003,W12/21
1058,Data Collect,2021-03-28,SPD,0.126,W12/21
1059,Data Collect,2021-03-28,ČSSD,0.03,W12/21
1060,Data Collect,2021-03-28,KDU-ČSL,0.047,W12/21
1061,Data Collect,2021-03-28,STAN,0.14300000000000002,W12/21
1062,Data Collect,2021-03-28,TOP 09,0.055,W12/21
1063,Data Collect,2021-03-28,Trikolóra,0.033,W12/21
1064,Data Collect,2021-03-28,Piráti+STAN,0.285,W12/21
1065,Data Collect,2021-03-28,ANO,0.221,W12/21
1066,Data Collect,2021-03-28,SPOLU,0.182,W12/21
1067,Data Collect,2021-03-28,SPD,0.134,W12/21
1068,Data Collect,2021-03-28,KSČM,0.027999999999999997,W12/21
1069,Data Collect,2021-03-28,ČSSD,0.037000000000000005,W12/21
1070,Data Collect,2021-03-28,Trikolóra+Svobodní+Soukromníci,0.051,W12/21
1071,STEM,2021-04-10,Piráti+STAN,0.27899999999999997,W14/21
1072,STEM,2021-04-10,ANO,0.24,W14/21
1073,STEM,2021-04-10,SPOLU,0.166,W14/21
1074,STEM,2021-04-10,SPD,0.128,W14/21
1075,STEM,2021-04-10,ČSSD,0.07,W14/21
1076,STEM,2021-04-10,KSČM,0.052000000000000005,W14/21
1077,STEM,2021-04-10,Přísaha,0.024,W14/21
1078,STEM,2021-04-10,Trikolóra+Svobodní+Soukromníci,0.019,W14/21
1079,STEM,2021-04-10,Zelení,0.013999999999999999,W14/21
1080,STEM,2021-04-10,ANO,0.23800000000000002,W14/21
1081,STEM,2021-04-10,Piráti,0.18600000000000003,W14/21
1082,STEM,2021-04-10,SPD,0.129,W14/21
1083,STEM,2021-04-10,STAN,0.11,W14/21
1084,STEM,2021-04-10,ODS,0.087,W14/21
1085,STEM,2021-04-10,ČSSD,0.066,W14/21
1086,STEM,2021-04-10,KSČM,0.051,W14/21
1087,STEM,2021-04-10,TOP 09,0.040999999999999995,W14/21
1088,STEM,2021-04-10,KDU-ČSL,0.035,W14/21
1089,STEM,2021-04-10,Přísaha,0.024,W14/21
1090,STEM,2021-04-10,Zelení,0.011000000000000001,W14/21
1091,STEM,2021-04-10,Trikolóra,0.011000000000000001,W14/21
1092,Median,2021-04-17,ANO,0.21,W15/21
1093,Median,2021-04-17,Piráti+STAN,0.275,W15/21
1094,Median,2021-04-17,SPOLU,0.17,W15/21
1095,Median,2021-04-17,SPD,0.115,W15/21
1096,Median,2021-04-17,ČSSD,0.065,W15/21
1097,Median,2021-04-17,KSČM,0.06,W15/21
1098,Median,2021-04-17,Trikolóra+Svobodní+Soukromníci,0.025,W15/21
1099,Median,2021-04-17,Zelení,0.03,W15/21
1100,Median,2021-04-17,Přísaha,0.025,W15/21
1101,Ipsos,2021-04-10,ANO,0.222,W14/21
1102,Ipsos,2021-04-10,Piráti+STAN,0.27899999999999997,W14/21
1103,Ipsos,2021-04-10,SPOLU,0.217,W14/21
1104,Ipsos,2021-04-10,SPD,0.1,W14/21
1105,Ipsos,2021-04-10,KSČM,0.054000000000000006,W14/21
1106,Ipsos,2021-04-10,ČSSD,0.045,W14/21
1107,Ipsos,2021-04-10,Trikolóra+Svobodní+Soukromníci,0.036000000000000004,W14/21
1108,Ipsos,2021-04-10,Přísaha,0.024,W14/21
1109,Kantar,2021-04-21,ANO,0.2,W16/21
1110,Kantar,2021-04-21,ODS,0.115,W16/21
1111,Kantar,2021-04-21,Piráti,0.19,W16/21
1112,Kantar,2021-04-21,KSČM,0.05,W16/21
1113,Kantar,2021-04-21,SPD,0.11,W16/21
1114,Kantar,2021-04-21,ČSSD,0.035,W16/21
1115,Kantar,2021-04-21,KDU-ČSL,0.035,W16/21
1116,Kantar,2021-04-21,STAN,0.11,W16/21
1117,Kantar,2021-04-21,TOP 09,0.065,W16/21
1118,Kantar,2021-04-21,Přísaha,0.02,W16/21
1119,Kantar,2021-04-21,Trikolóra,0.02,W16/21
1120,Kantar,2021-04-21,Piráti+STAN,0.27,W16/21
1121,Kantar,2021-04-21,ANO,0.21,W16/21
1122,Kantar,2021-04-21,SPOLU,0.215,W16/21
1123,Kantar,2021-04-21,SPD,0.12,W16/21
1124,Kantar,2021-04-21,KSČM,0.05,W16/21
1125,Kantar,2021-04-21,ČSSD,0.04,W16/21
1126,Kantar,2021-04-21,Trikolóra+Svobodní+Soukromníci,0.035,W16/21
1127,Kantar,2021-04-21,Přísaha,0.025,W16/21
1128,Data Collect,2021-05-12,ANO,0.182,W19/21
1129,Data Collect,2021-05-12,ODS,0.11900000000000001,W19/21
1130,Data Collect,2021-05-12,Piráti,0.17300000000000001,W19/21
1131,Data Collect,2021-05-12,KSČM,0.06,W19/21
1132,Data Collect,2021-05-12,SPD,0.122,W19/21
1133,Data Collect,2021-05-12,ČSSD,0.028999999999999998,W19/21
1134,Data Collect,2021-05-12,KDU-ČSL,0.033,W19/21
1135,Data Collect,2021-05-12,STAN,0.126,W19/21
1136,Data Collect,2021-05-12,TOP 09,0.057,W19/21
1137,Data Collect,2021-05-12,Přísaha,0.037000000000000005,W19/21
1138,Data Collect,2021-05-12,Piráti+STAN,0.27,W19/21
1139,Data Collect,2021-05-12,ANO,0.19399999999999998,W19/21
1140,Data Collect,2021-05-12,SPOLU,0.207,W19/21
1141,Data Collect,2021-05-12,SPD,0.13,W19/21
1142,Data Collect,2021-05-12,KSČM,0.062,W19/21
1143,Data Collect,2021-05-12,ČSSD,0.036000000000000004,W19/21
1144,Data Collect,2021-05-12,Přísaha,0.038,W19/21
1145,Data Collect,2021-05-12,Trikolóra+Svobodní+Soukromníci,0.023,W19/21
1146,Median,2021-05-16,ANO,0.23,W19/21
1147,Median,2021-05-16,Piráti+STAN,0.24,W19/21
1148,Median,2021-05-16,SPOLU,0.195,W19/21
1149,Median,2021-05-16,SPD,0.09,W19/21
1150,Median,2021-05-16,ČSSD,0.07,W19/21
1151,Median,2021-05-16,KSČM,0.06,W19/21
1152,Median,2021-05-16,Trikolóra+Svobodní+Soukromníci,0.035,W19/21
1153,Median,2021-05-16,Zelení,0.025,W19/21
1154,Median,2021-05-16,Přísaha,0.04,W19/21
1155,Ipsos,2021-05-21,ANO,0.221,W20/21
1156,Ipsos,2021-05-21,Piráti+STAN,0.237,W20/21
1157,Ipsos,2021-05-21,SPOLU,0.231,W20/21
1158,Ipsos,2021-05-21,SPD,0.102,W20/21
1159,Ipsos,2021-05-21,KSČM,0.057999999999999996,W20/21
1160,Ipsos,2021-05-21,ČSSD,0.040999999999999995,W20/21
1161,Ipsos,2021-05-21,Trikolóra+Svobodní+Soukromníci,0.034,W20/21
1162,Ipsos,2021-05-21,Přísaha,0.043,W20/21
1163,Kantar,2021-05-19,ANO,0.19,W20/21
1164,Kantar,2021-05-19,ODS,0.115,W20/21
1165,Kantar,2021-05-19,Piráti,0.165,W20/21
1166,Kantar,2021-05-19,KSČM,0.05,W20/21
1167,Kantar,2021-05-19,SPD,0.1,W20/21
1168,Kantar,2021-05-19,ČSSD,0.03,W20/21
1169,Kantar,2021-05-19,KDU-ČSL,0.04,W20/21
1170,Kantar,2021-05-19,STAN,0.115,W20/21
1171,Kantar,2021-05-19,TOP 09,0.065,W20/21
1172,Kantar,2021-05-19,Přísaha,0.045,W20/21
1173,Kantar,2021-05-19,Trikolóra,0.025,W20/21
1174,Kantar,2021-05-19,Zelení,0.02,W20/21
1175,Kantar,2021-05-19,Piráti+STAN,0.26,W20/21
1176,Kantar,2021-05-19,ANO,0.2,W20/21
1177,Kantar,2021-05-19,SPOLU,0.215,W20/21
1178,Kantar,2021-05-19,SPD,0.1,W20/21
1179,Kantar,2021-05-19,KSČM,0.055,W20/21
1180,Kantar,2021-05-19,ČSSD,0.03,W20/21
1181,Kantar,2021-05-19,Trikolóra+Svobodní+Soukromníci,0.04,W20/21
1182,Kantar,2021-05-19,Přísaha,0.05,W20/21
1183,Kantar,2021-05-19,Zelení,0.02,W20/21
