,identifier,pollster:id,middle_date,value_x,value_x,value_x,value_x,value_x,value_x,value_x,value_x,value_x,value_x,value_x,value_x,value_x,value_x,value_x,value_y,value_y,value_y,value_y,value_y,value_y,value_y,value_y,value_y,value_y,value_y,value_y,value_y,value_y,value_y
choice:id,,,,ANO,KDU-ČSL,KSČM,ODS,Piráti,Piráti+STAN,Přísaha,SPD,SPOLU,STAN,TOP 09,Trikolóra,Trikolóra+Svobodní+Soukromníci,Zelení,ČSSD,ANO,KDU-ČSL,KSČM,ODS,Piráti,Piráti+STAN,Přísaha,SPD,SPOLU,STAN,TOP 09,Trikolóra,Trikolóra+Svobodní+Soukromníci,Zelení,ČSSD
0,2017-11,Kantar,2017-11-14,0.3,0.045,0.07,0.12,0.14,,,0.095,,0.055,0.05,,,0.03,0.055,0.3178712175032709,0.05080087270385066,0.07684750614673384,0.11951450904926848,0.12965286068102294,,,0.08221285883910957,,0.04564810154278064,0.04635394204289887,,,0.022461740149817395,0.08117453436625618
1,2017-12,CVVM,2017-12-09,0.355,0.065,0.075,0.115,0.115,,,0.065,,0.04,0.045,,,,0.1,0.3246589758297986,0.05300413177054723,0.07944829240289882,0.11933011225354348,0.1257228608891337,,,0.0773561094950075,,0.042096109261857695,0.04496911416237122,,,,0.09111601784688753
2,2018-01,CVVM,2018-01-19,0.305,0.05,0.08,0.12,0.125,,,0.075,,0.03,0.04,,,0.015,0.125,0.31722960060691946,0.04962581270577067,0.08383837641335844,0.12111035131523666,0.1269429974618661,,,0.07846086506642615,,0.03977929573146192,0.0436840163897599,,,0.013584210059990004,0.09624197817555485
3,2018-02,CVVM,2018-02-09,0.335,0.035,0.1,0.105,0.13,,,0.065,,0.03,0.035,,,0.01,0.12,0.31715446804035313,0.048723362518190996,0.08531546204224498,0.12215550009128218,0.1274481177682865,,,0.07867506388479308,,0.04083427181466915,0.04374226067107062,,,0.012666088997413729,0.09370611139795958
4,2018-02,Kantar,2018-02-13,0.33,0.05,0.065,0.12,0.125,,,0.085,,0.045,0.045,,,,0.075,0.31642438218175695,0.048978359024078086,0.08497990377486306,0.12310439264763401,0.12738663968672126,,,0.07874994733844291,,0.0413358091856729,0.04387356258533078,,,,0.09307708306928118
5,2018-02,STEM,2018-02-04,0.325,0.05,0.09,0.11,0.13,,,0.095,,0.04,0.05,,,0.01,0.07,0.31740250777815554,0.04893430727704181,0.08517193269442365,0.12159323495206889,0.12742732349031471,,,0.07912018234229118,,0.04060727411724353,0.04391745788373732,,,0.012737959349574777,0.09348605285210675
6,2018-03,CVVM,2018-03-09,0.305,0.045,0.11,0.125,0.125,,,0.065,,0.045,0.045,,,0.01,0.11,0.3096006783158528,0.050311697481378766,0.08662044364787408,0.12932420719597815,0.12745511763334502,,,0.07805748970304012,,0.04365679412337019,0.04445074026704638,,,0.013015791329636752,0.0926222335649813
7,2018-03,Kantar,2018-03-19,0.295,0.05,0.065,0.14,0.135,,,0.075,,0.06,0.045,,,0.02,0.085,0.3074130568827422,0.051175763945001236,0.08558056167341933,0.13191702337830602,0.1276529115533603,,,0.0787206143576134,,0.04441646407064465,0.04462452244309527,,,0.013383178677905125,0.09123319683898745
8,2018-04,CVVM,2018-04-13,0.29,0.065,0.1,0.135,0.125,,,0.075,,0.03,0.045,,,0.01,0.115,0.3045843973162413,0.05326794054868172,0.08659038537273801,0.13633282737949984,0.12691032180186507,,,0.08077825041308848,,0.043590747636545406,0.044947157826125766,,,0.012843066393459862,0.08917273870299049
9,2018-04,Kantar,2018-04-17,0.305,0.055,0.08,0.145,0.145,,,0.08,,0.055,0.04,,,,0.065,0.3045657794882797,0.05325929867669051,0.08640246754113724,0.13693352061889877,0.12685993178683486,,,0.0811804773845843,,0.04380668825189761,0.04498748365689957,,,,0.08829461337376934
10,2018-04,Median,2018-04-22,0.305,0.055,0.085,0.14,0.115,,,0.09,,0.04,0.06,,,0.015,0.08,0.3045306538507156,0.053197929273406164,0.08636371278630939,0.13742045025305932,0.12626814555015836,,,0.0816992385754273,,0.04373890441603876,0.04518205723360811,,,0.012877089292150753,0.08791958107756019
11,2018-04,STEM,2018-04-24,0.32899999999999996,0.054000000000000006,0.085,0.13699999999999998,0.135,,,0.09,,0.039,0.039,,,0.008,0.07,0.3045112771334794,0.05315256461315782,0.0863643880095864,0.13758256360862625,0.12616645156595543,,,0.0818068670603475,,0.04375595240893041,0.04508523527829774,,,0.012852461534603307,0.0878642610040289
12,2018-05,CVVM,2018-05-18,0.29,0.055,0.105,0.13,0.11,,,0.075,,0.045,0.03,,,0.01,0.13,0.3006026435590699,0.05244575249655095,0.0865769864735598,0.13974277481375422,0.12354544244309013,,,0.08195843275533096,,0.04468493575532046,0.04475675307362235,,,0.013467522289929548,0.08982736691321903
13,2018-05,Kantar,2018-05-22,0.27,0.04,0.075,0.16,0.145,,,0.09,,0.055,0.05,,,,0.07,0.3002288786187353,0.05227252554041029,0.0861757087909106,0.14031794750343912,0.12344684491206837,,,0.08214702764479909,,0.04482585992735731,0.045052910028575706,,,,0.0891918411522543
14,2018-06,CVVM,2018-06-22,0.31,0.06,0.105,0.14,0.1,,,0.065,,0.045,0.045,,,0.01,0.11,0.302734227741604,0.05379899386290599,0.08638280848358197,0.14128329116747806,0.11937496812396063,,,0.081146431374767,,0.043930151324795545,0.04603805307050499,,,0.014383420334135524,0.08828368645153052
15,2018-06,Kantar,2018-06-12,0.285,0.05,0.07,0.155,0.12,,,0.095,,0.055,0.035,,,0.02,0.08,0.30187829804561817,0.052981164542663335,0.0855244919626671,0.14106920388826213,0.12031082059416011,,,0.08212661539610686,,0.044349244393739946,0.04582893825178517,,,0.014595042361287051,0.08822611233546582
16,2018-06,Median,2018-06-10,0.315,0.045,0.08,0.125,0.115,,,0.085,,0.04,0.06,,,0.02,0.09,0.30186652113574447,0.05283486163337168,0.08552557563014013,0.14083519679193354,0.12053687702777396,,,0.08215824609458984,,0.0443468643653176,0.04590634190264128,,,0.014585468781967021,0.08833108504042175
17,2018-06,STEM,2018-06-20,0.32,0.063,0.091,0.155,0.102,,,0.086,,0.027000000000000003,0.049,,,0.006,0.079,0.3027229602936567,0.05371994834541872,0.08625269065274475,0.14136842302858638,0.11940135312464875,,,0.08138978846710772,,0.0438563457421244,0.04602354346896881,,,0.014333331143270395,0.08818518113754792
18,2018-07,Median,2018-07-10,0.3,0.055,0.085,0.14,0.115,,,0.085,,0.04,0.05,,,0.025,0.085,0.30195161436275636,0.05386536333212824,0.08544831162943549,0.14054219733991133,0.12150060930641654,,,0.08057663825515769,,0.04457794778899923,0.046320345095261325,,,0.015568317174767978,0.08663020830074339
19,2018-08,Kantar,2018-08-15,0.28,0.055,0.08,0.13,0.15,,,0.08,,0.065,0.05,,,,0.065,0.30030267807244226,0.053687767321862576,0.08309858375485867,0.13884424865174208,0.12909035465064353,,,0.07793922813409636,,0.04773275856613235,0.04577569751347543,,,,0.08296949331487757
20,2018-08,Median,2018-08-11,0.31,0.055,0.09,0.14,0.105,,,0.08,,0.035,0.055,,,0.02,0.085,0.30070384037002357,0.053737395513076006,0.08350436712849148,0.13904560098287608,0.12773652788579956,,,0.0782583549030071,,0.04710481228864752,0.046052588718376024,,,0.015487417523462539,0.08339254100419832
21,2018-09,CVVM,2018-09-14,0.3,0.045,0.105,0.14,0.13,,,0.05,,0.04,0.04,,,0.01,0.12,0.30157983251445303,0.05312333915775086,0.08126400029562715,0.13932742933425651,0.1343350150011527,,,0.07493533404374268,,0.04871190272365053,0.042978911466346234,,,0.013985685203056045,0.08375394987171071
22,2018-09,Kantar,2018-09-11,0.295,0.05,0.055,0.13,0.155,,,0.09,,0.055,0.04,,,0.02,0.07,0.30135892734457914,0.053118916426235924,0.08097700478128865,0.13912815284375327,0.13423470782748329,,,0.07544794939942284,,0.04873429349637455,0.04316845667182041,,,0.014218286344433716,0.0834539278199866
23,2018-10,CVVM,2018-10-19,0.3,0.07,0.085,0.19,0.11,,,0.05,,0.04,0.035,,,,0.09,0.30506723481336406,0.05471014095992514,0.07966961413717602,0.14241631689493137,0.13671991139079967,,,0.07348157949999289,,0.04955590712293801,0.04120967931649533,,,,0.07971542649572193
24,2018-10,Kantar,2018-10-16,0.27,0.06,0.065,0.14,0.16,,,0.075,,0.07,0.05,,,0.02,0.055,0.3045298719921668,0.05476195251706671,0.07954341233343856,0.1417406129427536,0.13655691284496319,,,0.07410208594478135,,0.049901726775202784,0.041316274100040226,,,0.012757609171610616,0.07961588424100723
25,2018-10,Median,2018-10-10,0.285,0.05,0.085,0.12,0.12,,,0.09,,0.055,0.055,,,0.01,0.095,0.3035760344144416,0.05439095202535268,0.0799448827167856,0.1408099249570993,0.1357902957759138,,,0.07464240714895322,,0.04985560441269181,0.04192370389780784,,,0.012856280746337023,0.08064042919213799
26,2018-10,STEM,2018-10-16,0.33399999999999996,0.064,0.07400000000000001,0.129,0.126,,,0.096,,0.053,0.021,,,0.011000000000000001,0.067,0.3045298719921668,0.05476195251706671,0.07954341233343856,0.1417406129427536,0.13655691284496319,,,0.07410208594478135,,0.049901726775202784,0.041316274100040226,,,0.012757609171610616,0.07961588424100723
27,2018-11,CVVM,2018-11-09,0.295,0.05,0.1,0.145,0.14,,,0.075,,0.04,0.03,,,0.01,0.09,0.309580089966979,0.05256483661649579,0.0799760851373773,0.14185681461532457,0.14099849848827065,,,0.07165967234980207,,0.04813256497651253,0.041148104360865446,,,0.011401872160068308,0.07925463235196874
28,2018-11,Kantar,2018-11-14,0.325,0.045,0.06,0.16,0.19,,,0.055,,0.055,0.04,,,,0.05,0.310993942502207,0.0521427131019781,0.07951888403770753,0.14164636589818713,0.14200133214631405,,,0.07115590165467897,,0.0480217987185667,0.0414275358074931,,,,0.0788665775465498
29,2018-11,Median,2018-11-24,0.295,0.055,0.07,0.135,0.13,,,0.1,,0.06,0.05,,,0.005,0.075,0.3130735854238506,0.05167846097987772,0.07963940673389987,0.14025553356731768,0.14146263550052712,,,0.07100560166050215,,0.04743164303308898,0.04206052248501618,,,0.010740915411404414,0.07961958105071569
30,2018-11,STEM,2018-11-24,0.35700000000000004,0.051,0.076,0.124,0.131,,,0.069,,0.046,0.049,,,0.008,0.066,0.3130735854238506,0.05167846097987772,0.07963940673389987,0.14025553356731768,0.14146263550052712,,,0.07100560166050215,,0.04743164303308898,0.04206052248501618,,,0.010740915411404414,0.07961958105071569
31,2018-12,CVVM,2018-12-07,0.335,0.04,0.1,0.145,0.14,,,0.04,,0.03,0.045,,,0.01,0.095,0.31405398505920445,0.05084318319917472,0.0807787577790907,0.13990908575998776,0.14232428512999507,,,0.0688207341401363,,0.04580012789070863,0.0418453893128252,,,0.010937080932917845,0.08199647983273159
32,2019-01,CVVM,2019-01-11,0.31,0.05,0.095,0.13,0.15,,,0.04,,0.035,0.03,,,0.015,0.125,0.313398191053034,0.050903002349823485,0.08051557659056663,0.13698046216584087,0.14581041994630053,,,0.06763942316609203,,0.04448820098888558,0.040364938612940854,,,0.011840839033585671,0.08602589661661049
33,2019-01,Kantar,2019-01-22,0.32,0.05,0.065,0.135,0.165,,,0.07,,0.05,0.055,,,,0.05,0.3139406542555193,0.051200485420972545,0.07982916974088268,0.13590216943895875,0.14691625683848974,,,0.06843085829507002,,0.04485914644661105,0.04038632773013059,,,,0.08470422098301397
34,2019-01,Median,2019-01-01,0.3,0.045,0.075,0.155,0.135,,,0.08,,0.04,0.045,,,0.01,0.09,0.31305855720451736,0.050662864802124716,0.08037399979375237,0.1384261016734488,0.14449441908675012,,,0.06841630514435282,,0.0446578671155592,0.040925484958296225,,,0.011518886061042484,0.08513147775183004
35,2019-01,STEM,2019-01-31,0.319,0.06,0.085,0.11,0.157,,,0.077,,0.04,0.036000000000000004,,,0.01,0.083,0.31407779769038335,0.05148059171113028,0.07998005346534504,0.13512483678955567,0.14693620900777662,,,0.06896031392298801,,0.044907749105947276,0.03974059613362521,,,0.012034202705570781,0.08527335686347125
36,2019-02,CVVM,2019-02-07,0.305,0.05,0.1,0.145,0.145,,,0.045,,0.045,0.03,,,0.01,0.11,0.31400918859622257,0.05139331742384821,0.07991819579528886,0.13541811428225423,0.14660411600938686,,,0.06907321366751043,,0.04511266031380924,0.03939391822060766,,,0.01218217422793234,0.08577085723201895
37,2019-02,Kantar,2019-02-19,0.31,0.045,0.06,0.125,0.175,,,0.095,,0.05,0.04,,,,0.065,0.3132711229800236,0.05084859799553811,0.07886431963105804,0.13564432131015614,0.14705017591299369,,,0.07067978974279765,,0.045202254272012854,0.03933141700609077,,,,0.08547986340938406
38,2019-02,Median,2019-02-08,0.335,0.06,0.075,0.13,0.13,,,0.07,,0.05,0.04,,,0.015,0.08,0.3140437782291106,0.05138796981379398,0.07981112404998013,0.13541206590076266,0.14656564149809537,,,0.06920697325811434,,0.04514180439948266,0.039391594081168234,,,0.012216122834973942,0.0857215040945842
39,2019-03,CVVM,2019-03-07,0.32,0.055,0.085,0.14,0.125,,,0.045,,0.035,0.04,,,0.01,0.125,0.31238374471440145,0.05051921367970198,0.07898567775127002,0.13685713483930212,0.14549943741990218,,,0.07089982298769011,,0.044902136736041376,0.039187177105092105,,,0.012689636765380388,0.08678543952628559
40,2019-03,Kantar,2019-03-26,0.33,0.05,0.06,0.135,0.19,,,0.055,,0.035,0.04,,,0.02,0.065,0.31119451942165954,0.04973869195041416,0.07846576397139092,0.13773276435446688,0.14609271374111682,,,0.07252644220226528,,0.04509365995047058,0.03887259263536473,,,0.013560132212390934,0.08518073670266865
41,2019-03,Median,2019-03-10,0.305,0.05,0.08,0.14,0.14,,,0.085,,0.05,0.04,,,0.01,0.08,0.3121085289392621,0.05039240313373877,0.07891812662301528,0.1370312451166566,0.14552251197403185,,,0.07132602574128419,,0.044995079005511474,0.03914878027813639,,,0.012785902391788144,0.08645360144902789
42,2019-04,CVVM,2019-04-04,0.32,0.04,0.11,0.14,0.125,,,0.06,,0.035,0.03,,,0.01,0.125,0.3098773380303022,0.04937467745345081,0.07903113983624771,0.13823088558024116,0.14447580138412128,,,0.07394202981151737,,0.04558922719780658,0.038674224557367465,,,0.013636269937392108,0.08537876335023935
43,2019-04,Kantar,2019-04-22,0.3,0.055,0.06,0.135,0.16,,,0.085,,0.06,0.04,,,,0.065,0.305557428381758,0.04982462798608577,0.0774328334426601,0.13897019380867795,0.14511313706877257,,,0.07677917201321903,,0.047644423617684936,0.039068419399277354,,,,0.08217328614531805
44,2019-04,Median,2019-04-08,0.295,0.045,0.065,0.145,0.14,,,0.075,,0.055,0.04,,,0.015,0.09,0.30911252415907303,0.04939837983693428,0.07867745167268102,0.13841202488712104,0.14415303123170928,,,0.07482313652959303,,0.04600792336957263,0.038755997679295856,,,0.0137525333660112,0.08469920290063537
45,2019-04,STEM,2019-04-11,0.34,0.049,0.095,0.132,0.111,,,0.098,,0.033,0.037000000000000005,,,0.01,0.078,0.30874272282874815,0.04948030902412518,0.07861064637599026,0.13845231335553146,0.14397069482147218,,,0.0754835148760366,,0.04619191891581038,0.038799396622778475,,,0.013819045591488787,0.08411064750206165
46,2019-05,CVVM,2019-05-09,0.28,0.045,0.11,0.17,0.135,,,0.05,,0.045,0.03,,,0.02,0.095,0.3007580787697249,0.049932783986743716,0.07703857556678746,0.14018798145985287,0.14567709753521144,,,0.07819634861271299,,0.04895133929307902,0.03943227171867019,,,0.015225461580365116,0.08049234833655883
47,2019-05,Kantar,2019-05-21,0.275,0.045,0.065,0.125,0.175,,,0.105,,0.07,0.04,,,0.02,0.06,0.2982622491415793,0.050004625122002225,0.07570010733387508,0.13882503411427644,0.14848230040297067,,,0.07967255350405575,,0.050116391284047906,0.03995711165339307,,,0.01588793410817306,0.07799147146720735
48,2019-05,Median,2019-05-09,0.305,0.055,0.06,0.145,0.12,,,0.1,,0.05,0.045,,,0.01,0.085,0.3007580787697249,0.049932783986743716,0.07703857556678746,0.14018798145985287,0.14567709753521144,,,0.07819634861271299,,0.04895133929307902,0.03943227171867019,,,0.015225461580365116,0.08049234833655883
49,2019-06,CVVM,2019-06-12,0.29,0.05,0.09,0.15,0.17,,,0.065,,0.045,0.03,0.01,,0.01,0.075,0.29617905375737624,0.0507751750783554,0.07436064108637629,0.13782790037336382,0.15077714044038626,,,0.07945596085352223,,0.04995864317673953,0.0410024056628194,0.02198961118924719,,0.016613971512881118,0.0752381094370377
50,2019-06,Kantar,2019-06-21,0.255,0.045,0.055,0.13,0.185,,,0.085,,0.06,0.05,0.03,,,0.065,0.2958520179420353,0.05098493383931157,0.07301482337969366,0.13657684333567774,0.15143286344694692,,,0.0797417407846224,,0.05014183499262338,0.04184292791364772,0.023529455027821146,,,0.07414515212206903
51,2019-06,Median,2019-06-15,0.29,0.055,0.075,0.145,0.13,,,0.09,,0.05,0.045,,,0.025,0.075,0.29600524808487033,0.05088949244735177,0.07392831606097731,0.13749740710712238,0.15076566025985288,,,0.0796636758849087,,0.050018884388072504,0.04132013297927423,,,0.016842344706673763,0.07487879252281962
52,2019-06,STEM,2019-06-22,0.325,0.055,0.078,0.131,0.156,,,0.079,,0.038,0.037000000000000005,,,0.019,0.064,0.2960531149651176,0.051034393665894365,0.07296000304826705,0.13645724140343943,0.1513594506779231,,,0.07972575356910845,,0.05010789177230858,0.041886269243556026,,,0.0170081815954672,0.07407153615803545
53,2019-07,Median,2019-07-13,0.285,0.06,0.065,0.125,0.14,,,0.09,,0.06,0.045,,,0.02,0.08,0.29709221555657594,0.05172976517454024,0.07087351300830504,0.13419948281133395,0.1488593850179175,,,0.07942344037510621,,0.050939594197495865,0.043661594042636226,,,0.017273512058213154,0.07361792558193213
54,2019-08,Kantar,2019-08-20,0.3,0.05,0.045,0.145,0.17,,,0.08,,0.05,0.045,0.035,,0.02,0.06,0.3027783691220975,0.05114311205447578,0.06843924609868746,0.131902723819273,0.14591346361412558,,,0.07558466548957637,,0.050397928633291664,0.04660082177297057,0.026688802891899722,,0.01678794610020833,0.07137897257644824
55,2019-08,Median,2019-08-11,0.295,0.05,0.06,0.13,0.145,,,0.085,,0.05,0.055,0.02,,0.02,0.065,0.30124321417547434,0.051219206050611754,0.0685986666484163,0.13230944294021788,0.1464997268881748,,,0.07679718549345334,,0.050495997871338225,0.04633259295417624,0.026052989436296935,,0.01705007235725902,0.0715841031634518
56,2019-09,CVVM,2019-09-12,0.3,0.045,0.085,0.12,0.13,,,0.085,,0.045,0.04,0.02,,0.01,0.095,0.3066751275047634,0.05112156287545786,0.07121358701633711,0.12921418110434857,0.14134037508492106,,,0.07220931741159468,,0.050226087751759345,0.04743111979035861,0.026641074938516147,,0.01562154265039829,0.07243255445058493
57,2019-09,Kantar,2019-09-25,0.3,0.05,0.065,0.145,0.155,,,0.06,,0.055,0.05,0.035,,,0.05,0.30874343869629983,0.051290559438208504,0.07193925881830075,0.12888184663770189,0.14041729582429838,,,0.06955879564227627,,0.05020429276210708,0.04785006325427141,0.02794426873093979,,,0.07149571826834006
58,2019-09,Median,2019-09-13,0.31,0.055,0.065,0.125,0.135,,,0.075,,0.055,0.055,0.015,,0.02,0.07,0.30685495932882095,0.051154629525276454,0.07123908703021108,0.12916654011142853,0.1412353777121597,,,0.07201478483809781,,0.050248689772327666,0.04750267086714581,0.026680645828442807,,0.015615408242088322,0.07234638018096533
59,2019-10,CVVM,2019-10-12,0.335,0.05,0.085,0.135,0.14,,,0.045,,0.025,0.04,0.03,,0.01,0.1,0.311865884311259,0.051571355478424265,0.07341033666080059,0.127156665766395,0.13814965765199277,,,0.06727200861379903,,0.049741821683395096,0.04810589533048119,0.028811204352744233,,0.014586934289353048,0.07224500162603031
60,2019-10,Kantar,2019-10-22,0.315,0.05,0.07,0.125,0.17,,,0.045,,0.05,0.06,0.035,,,0.045,0.3122712379799737,0.05196179164570176,0.0735444891885061,0.12677292596485418,0.1376960912836442,,,0.06651879974270704,,0.05043075120270003,0.04825124674876473,0.029474147911047605,,,0.07132667394825803
61,2019-10,Median,2019-10-14,0.305,0.045,0.07,0.115,0.125,,,0.08,,0.06,0.06,0.015,,0.02,0.075,0.31196703085894606,0.05161559830870598,0.07345134421660338,0.1269022719311903,0.13789669066746896,,,0.0672492235721603,,0.04993199470085745,0.04821044219829482,0.028886063942351346,,0.014584404835286342,0.07205557429322035
62,2019-10,STEM,2019-10-18,0.331,0.055999999999999994,0.084,0.105,0.122,,,0.075,,0.043,0.044000000000000004,0.042,,0.013999999999999999,0.065,0.3122992525603716,0.05182916505640176,0.07359802299761903,0.12662950699528813,0.13764575272759744,,,0.06696052310236865,,0.05011351450552691,0.04819059823512433,0.0293092222093795,,0.014445186810555405,0.0716266343656569
63,2019-11,CVVM,2019-11-08,0.3,0.055,0.09,0.14,0.135,,,0.055,,0.04,0.035,0.035,,0.01,0.09,0.3119207057343827,0.0527054147411206,0.07360681265004286,0.12754792833938303,0.13521572209190288,,,0.06638707604151892,,0.05185321130668132,0.047534195944483215,0.029709399612271915,,0.013753219020128903,0.07221639766994382
64,2019-11,Kantar,2019-11-16,0.285,0.045,0.05,0.145,0.135,,,0.065,,0.065,0.055,0.065,,,0.06,0.31228322820652205,0.05298480377145682,0.07299298474157762,0.12745037821345956,0.13418196854729963,,,0.06668139088245255,,0.0528839006645227,0.04761458517631609,0.029702895650176368,,,0.07191605613639467
65,2019-11,Median,2019-11-14,0.305,0.05,0.075,0.125,0.125,,,0.075,,0.06,0.055,0.02,,0.015,0.075,0.3121418942807376,0.052894593645325366,0.07315877494538124,0.1274570065889514,0.13437173012876463,,,0.06666798244294518,,0.052680185137513186,0.0476473327236137,0.029633856373409054,,0.013703113721343155,0.0720121426000342
66,2019-11,STEM,2019-11-20,0.349,0.055,0.071,0.106,0.109,,,0.091,,0.07200000000000001,0.037000000000000005,0.019,,0.01,0.064,0.3131032779845737,0.053324700740642036,0.07310146236330578,0.12709523774260129,0.133777981315424,,,0.06674153658757788,,0.053064674348558286,0.047403866475029095,0.029143051628218283,,0.013605107390621556,0.07195148465899562
67,2019-12,CVVM,2019-12-05,0.295,0.065,0.08,0.125,0.14,,,0.055,,0.04,0.035,0.035,,0.015,0.1,0.3135463752078871,0.05456141464136874,0.0736788439919477,0.12731808907593617,0.13412625285079965,,,0.0651042183245622,,0.05229433826324955,0.04729828240213938,0.02776163458124436,,0.013718381216902659,0.07277984142513795
68,2019-12,STEM,2019-12-04,0.336,0.064,0.08199999999999999,0.12300000000000001,0.12300000000000001,,,0.055999999999999994,,0.055,0.057999999999999996,0.005,,0.01,0.064,0.3136242346474825,0.05452053330577799,0.07367874482319017,0.12728152670129197,0.13404787720060377,,,0.06517479498056754,,0.0523614452255655,0.04735759201532288,0.02774590526114019,,0.013688764290017757,0.07267920783668351
69,2020-01,CVVM,2020-01-16,0.32,0.055,0.075,0.15,0.135,,,0.04,,0.055,0.05,0.02,,0.01,0.085,0.31451356135167047,0.05386530800952849,0.07198699723457941,0.1298245459066358,0.13658786965321218,,,0.0641802970393092,,0.0521373015021684,0.04754410190143907,0.026609591041856572,,0.0148012107207889,0.07065755960821529
70,2020-01,Kantar,2020-01-22,0.3,0.05,0.065,0.125,0.165,,,0.075,,0.05,0.055,0.025,,0.02,0.05,0.31445874672073915,0.053742229777737356,0.07167974191476545,0.1294919684251122,0.13694557760821066,,,0.0648381388690109,,0.052026186740900884,0.04749622617116085,0.02667977294842619,,0.015117360694859666,0.06993444339612281
71,2020-01,Median,2020-01-22,0.3,0.05,0.08,0.14,0.115,,,0.075,,0.06,0.045,0.02,,0.02,0.07,0.31445874672073915,0.053742229777737356,0.07167974191476545,0.1294919684251122,0.13694557760821066,,,0.0648381388690109,,0.052026186740900884,0.04749622617116085,0.02667977294842619,,0.015117360694859666,0.06993444339612281
72,2020-01,STEM,2020-01-30,0.327,0.055,0.077,0.098,0.136,,,0.081,,0.045,0.040999999999999995,0.048,,0.015,0.055,0.3156379490159791,0.053904909584004145,0.07120646118761736,0.12879617002966093,0.13714965279312621,,,0.06482029179803105,,0.05162334190622701,0.0472168651975866,0.02713475867589553,,0.015025968180816359,0.06984714571716392
73,2020-02,CVVM,2020-02-07,0.33,0.06,0.08,0.14,0.13,,,0.05,,0.035,0.035,0.02,,0.02,0.09,0.31635552120442184,0.054024787441425005,0.07046077977187033,0.12943799594543498,0.1374116065915895,,,0.0640866209020863,,0.051499437280753325,0.04720273603993127,0.026678896158103566,,0.014927542229280583,0.07041314534690425
74,2020-02,Kantar,2020-02-19,0.31,0.05,0.045,0.13,0.155,,,0.065,,0.065,0.055,0.03,,,0.055,0.3165592068835718,0.05380290872811541,0.06860751446593517,0.1297337344584537,0.13834391826270975,,,0.06388778045902634,,0.0524435275681389,0.04802499577697338,0.026414199135969183,,,0.06996303915339341
75,2020-03,CVVM,2020-03-05,0.33,0.07,0.07,0.145,0.125,,,0.045,,0.045,0.045,0.02,,0.01,0.085,0.31741685451411217,0.05384586757811612,0.06823755900755615,0.13010531758424151,0.13810298872616258,,,0.06352275727965395,,0.05258441623551598,0.04850140835271246,0.025739981851030522,,0.013320088343337094,0.0706969229778797
76,2020-03,Kantar,2020-03-18,0.345,0.045,0.055,0.14,0.135,,,0.055,,0.055,0.055,0.025,,,0.06,0.3183761824011858,0.05260306605277626,0.06723021978461674,0.12983754181638008,0.13883180944772952,,,0.06368668830131016,,0.053050643631292665,0.04932301804753071,0.02573240598684426,,,0.07010614360703092
77,2020-03,Median,2020-03-13,0.295,0.05,0.075,0.13,0.12,,,0.06,,0.055,0.055,0.03,,0.015,0.075,0.3174542002159206,0.05306836717017856,0.06784361173458232,0.1298098930792544,0.13835196163421032,,,0.0638098635602822,,0.052949344794415494,0.049033845983302835,0.025748182096168172,,0.013182246786998787,0.07042550813970497
78,2020-03,STEM,2020-03-10,0.308,0.055,0.07400000000000001,0.11800000000000001,0.152,,,0.086,,0.057,0.043,0.02,,0.006,0.07,0.3173358896271944,0.05338294976278542,0.06806006945045731,0.12979106241553653,0.1384085892066074,,,0.06394620052083545,,0.05285637200111254,0.048766453642061204,0.02568156154018622,,0.01312398652424921,0.07052318931936602
79,2020-04,Kantar,2020-04-22,0.34,0.04,0.055,0.115,0.16,,,0.07,,0.055,0.065,0.025,,,0.055,0.3197044378076467,0.05000875518807303,0.06454058633387688,0.1267861400150896,0.14536041958194867,,,0.06519899388962687,,0.05351834852400025,0.050621089506462554,0.02580154906104513,,,0.06993722273673317
80,2020-05,Kantar,2020-05-27,0.315,0.04,0.05,0.135,0.17,,,0.08,,0.055,0.05,0.02,,,0.055,0.31490086287673236,0.04983549891855143,0.06408969472441786,0.12658687660195747,0.14921433908254558,,,0.06563422807437923,,0.05365416562860675,0.047671121794595116,0.02615273568704682,,0.014125513276823523,0.07453328764057564
81,2020-05,STEM,2020-05-27,0.337,0.061,0.073,0.114,0.128,,,0.065,,0.042,0.033,0.035,,0.013999999999999999,0.08900000000000001,0.31490086287673236,0.04983549891855143,0.06408969472441786,0.12658687660195747,0.14921433908254558,,,0.06563422807437923,,0.05365416562860675,0.047671121794595116,0.02615273568704682,,0.014125513276823523,0.07453328764057564
82,2020-06,CVVM,2020-06-26,0.29,0.045,0.075,0.14,0.135,,,0.04,,0.05,0.045,0.02,,0.015,0.13,0.30493644189702257,0.049413619474212585,0.06526376714911608,0.12749791671438387,0.15198182045841097,,,0.06247668928382791,,0.056454909619823426,0.04847216986894761,0.025644551410142376,,0.01460344637011383,0.08004838594305558
83,2020-06,Kantar,2020-06-24,0.32,0.045,0.055,0.13,0.18,,,0.055,,0.06,0.055,0.03,,,0.05,0.3057797513078408,0.049371617802331444,0.0650346546506,0.12748021201214713,0.15224293165991049,,,0.0625566823546251,,0.056336525414314394,0.048523349331317626,0.025743314293870483,,,0.0792497896560295
84,2020-07,CVVM,2020-07-23,0.29,0.065,0.075,0.12,0.145,,,0.06,,0.055,0.035,0.025,,0.015,0.095,0.2960398989661379,0.05115567664286868,0.06627933888427062,0.12462183884322413,0.15231810070392154,,,0.06683063215359758,,0.05986048034214521,0.04857418674728232,0.025579303032021092,,0.014818806256040021,0.07963559135269621
85,2020-08,Kantar,2020-09-02,0.275,0.04,0.045,0.15,0.195,,,0.08,,0.065,0.05,0.025,,,0.055,0.28540252257447296,0.048217597728108866,0.06421353913216916,0.1241593467699422,0.15949943592829602,,,0.0743161359405139,,0.06814803821918042,0.051157973261625515,0.025778000501700864,,,0.07155576021513711
86,2020-08,Median,2020-08-14,0.295,0.055,0.07,0.11,0.125,,,0.075,,0.05,0.065,0.025,,0.02,0.095,0.2902614974283787,0.04990212406394144,0.06545669081495714,0.12322792551759294,0.1539737219719943,,,0.07146481516324514,,0.06347370230448009,0.05123304428450204,0.025638347671617524,,0.014917767220520956,0.07648002609304312
87,2020-09,CVVM,2020-09-12,0.315,0.035,0.095,0.125,0.16,,,0.045,,0.045,0.04,0.02,,0.01,0.105,0.2839811773375191,0.047788830824447806,0.06465558712943074,0.12345139471016327,0.16082430492922611,,,0.0746236044788223,,0.07027670186325315,0.05112714185261777,0.025524766097785458,,0.013451388375104917,0.07042782261956484
88,2020-09,Kantar,2020-09-30,0.245,0.06,0.045,0.135,0.19,,,0.08,,0.095,0.055,0.03,,,0.04,0.27703900964934913,0.04849128655437795,0.06085132989377918,0.12287010817229543,0.1654834006904345,,,0.07854901536976304,,0.07793236994787962,0.05261681284781583,0.02535346759547835,,,0.06340790531834496
89,2020-09,STEM,2020-09-06,0.284,0.054000000000000006,0.073,0.106,0.128,,,0.08800000000000001,,0.075,0.053,0.034,,0.011000000000000001,0.073,0.28481711308783164,0.04815278845227838,0.06453848497643987,0.12355701139334203,0.159455987261487,,,0.07467172316319627,,0.06910550022819785,0.05117881028805291,0.025827456564296598,,0.013588890713165614,0.07113495289883864
90,2020-10,Kantar,2020-10-28,0.275,0.04,0.045,0.105,0.21,,,0.09,,0.11,0.055,0.02,,,0.03,0.2717072132173632,0.0465812666046191,0.05706617818906491,0.11769488114297601,0.171379061633117,,,0.08524387597376118,,0.08827845483073495,0.05336059981047521,0.024379235786775727,,,0.05662363292499224
91,2020-10,Median,2020-10-15,0.285,0.05,0.07,0.13,0.135,,,0.075,,0.075,0.065,0.02,,0.015,0.065,0.274741945505073,0.0476534679222107,0.05939698752731017,0.12077252639821957,0.16660498313792516,,,0.08175851957427513,,0.08276775295158649,0.053678586247120984,0.0245756934620401,,0.014190036626759132,0.060054438306193475
92,2020-11,Kantar,2020-11-23,0.25,0.045,0.035,0.115,0.2,,,0.105,,0.105,0.05,,,,0.045,0.2637794407727677,0.04582868537953936,0.054477476075124834,0.11443125792979685,0.17527498591363486,,,0.09164396232002152,,0.09492033670225432,0.052343157428868484,,,,0.05411595218126764
93,2020-11,Median,2020-11-15,0.285,0.045,0.06,0.105,0.14,,,0.085,,0.105,0.05,0.025,,0.015,0.07,0.26695517651652956,0.04602627199112166,0.055457113954143315,0.1149798806137662,0.172163099986466,,,0.08950776751499889,,0.09332259404280831,0.052545716689469904,0.024899067527452697,,0.014644754646630911,0.05549441979393909
94,2021-01,Ipsos,2021-01-17,0.272,,0.06,,,0.23199999999999998,,0.084,0.217,,,0.036000000000000004,,0.012,0.057999999999999996,0.2496631540412417,,0.055543014652684165,,,0.2666390128903369,,0.09965116583602712,0.19517478672184788,,,0.027451304112541777,,0.015190627455510251,0.04897826440221872
95,2021-01,Kantar,2021-01-27,0.26,0.045,0.05,0.105,0.21,,,0.095,,0.095,0.045,,,,0.035,0.2466880874144264,0.043699328742475924,0.05477992353897148,0.10488921424517368,0.1940461853804994,0.27025984637054423,,0.10152191724656635,0.19430696829849492,0.10786552297974315,0.0520493658188583,,,,0.0471634226733124
96,2021-01,Median,2021-01-15,0.265,,0.07,,,0.25,,0.09,0.185,,,0.02,,0.015,0.07,0.250093360220557,,0.05566680689507343,,,0.26638174778866663,,0.09939761583585105,0.19501746864308192,,,0.027260265617482377,,0.015178280149704345,0.04928935570304807
97,2021-01_b,Kantar,2021-01-27,0.265,,0.05,,,0.295,,0.105,0.195,,,,,,0.04,0.2466880874144264,0.043699328742475924,0.05477992353897148,0.10488921424517368,0.1940461853804994,0.27025984637054423,,0.10152191724656635,0.19430696829849492,0.10786552297974315,0.0520493658188583,,,,0.0471634226733124
98,2021-02,Ipsos,2021-02-17,0.254,,0.048,,,0.249,,0.094,0.205,,,0.034,,0.016,0.055,0.23875322870276616,,0.05412904065327018,,,0.2731757410718417,,0.10495464744584718,0.1929282267011114,,,0.027859809782045806,,0.016269293769840223,0.04581580255410839
99,2021-02,Kantar,2021-02-24,0.205,0.045,0.05,0.095,0.22,,,0.105,,0.13,0.055,,,,0.045,0.23560149554985965,0.042444339161514064,0.05349375755477509,0.10131435323558942,0.19528348121018713,0.2757209272182965,,0.10628049840067137,0.1923761352999939,0.11727189397078391,0.05446668626935339,,,,0.04523030178922874
100,2021-02,Median,2021-02-15,0.265,,0.08,,,0.25,,0.1,0.185,,,0.025,,0.015,0.045,0.23957983395819865,,0.054370761755359084,,,0.27270478770148565,,0.10464397611433024,0.19294923385183999,,,0.027793331414907238,,0.01619527442388082,0.04591752106828071
101,2021-02_b,Kantar,2021-02-24,0.22,,0.055,,,0.34,,0.11,0.175,,,,,,0.045,0.23560149554985965,0.042444339161514064,0.05349375755477509,0.10131435323558942,0.19528348121018713,0.2757209272182965,,0.10628049840067137,0.1923761352999939,0.11727189397078391,0.05446668626935339,,,,0.04523030178922874
102,2021-03,Data Collect,2021-03-28,0.20800000000000002,0.047,0.027000000000000003,0.1,0.172,,,0.126,,0.14300000000000002,0.055,0.033,,,0.03,0.22695916246047423,0.040596891937375534,0.050865506853065706,0.10052830599419361,0.1881362784128077,0.2758309472628576,0.027182721824787242,0.11213015360164078,0.1930237122880773,0.1206199943206285,0.05622858888714975,0.026391856471297156,0.03257382703352081,,0.043392204881357956
103,2021-03,Ipsos,2021-03-14,0.253,,0.04,,,0.26899999999999996,,0.095,0.209,,,0.031,,0.015,0.04,0.2313237563850996,,0.05215265651770683,,,0.275493191519112,,0.10919112206795474,0.19275494084370431,,,0.02738422374274565,,0.017220516775295965,0.04390466180358394
104,2021-03,Kantar,2021-03-28,0.225,0.04,0.05,0.09,0.2,,0.02,0.115,,0.12,0.065,,,,0.03,0.22695916246047423,0.040596891937375534,0.050865506853065706,0.10052830599419361,0.1881362784128077,0.2758309472628576,0.027182721824787242,0.11213015360164078,0.1930237122880773,0.1206199943206285,0.05622858888714975,0.026391856471297156,0.03257382703352081,,0.043392204881357956
105,2021-03,Median,2021-03-15,0.245,,0.075,,,0.275,,0.1,0.175,,,0.03,,0.02,0.04,0.231037099501848,,0.05212926662454428,,,0.27551550421266385,,0.10938421028544908,0.19268974792768423,,,0.02733781763714684,,0.017271000959523563,0.04385309550131822
106,2021-03_b,Data Collect,2021-03-28,0.221,,0.027999999999999997,,,0.285,,0.134,0.182,,,,0.051,,0.037000000000000005,0.22695916246047423,0.040596891937375534,0.050865506853065706,0.10052830599419361,0.1881362784128077,0.2758309472628576,0.027182721824787242,0.11213015360164078,0.1930237122880773,0.1206199943206285,0.05622858888714975,0.026391856471297156,0.03257382703352081,,0.043392204881357956
107,2021-03_b,Kantar,2021-03-28,0.235,,0.05,,,0.3,0.02,0.12,0.19,,,,0.025,,0.03,0.22695916246047423,0.040596891937375534,0.050865506853065706,0.10052830599419361,0.1881362784128077,0.2758309472628576,0.027182721824787242,0.11213015360164078,0.1930237122880773,0.1206199943206285,0.05622858888714975,0.026391856471297156,0.03257382703352081,,0.043392204881357956
108,2021-04,Ipsos,2021-04-10,0.222,,0.054000000000000006,,,0.27899999999999997,0.024,0.1,0.217,,,,0.036000000000000004,,0.045,0.22397475666776967,0.03930804337111779,0.051777581147732885,0.10168503355769268,0.18652011325132778,0.2739513599540101,0.028107455730237842,0.11268330201538608,0.19426497486256736,0.11888648977999929,0.05580897963225541,0.02450264702755403,0.03160261686124243,0.018054032460028163,0.04497008798239693
109,2021-04,Kantar,2021-04-21,0.2,0.035,0.05,0.115,0.19,,0.02,0.11,,0.11,0.065,0.02,,,0.035,0.22040802861119022,0.0386305107980442,0.052418569316859474,0.10436321936467899,0.18512574444079619,0.27164882250701305,0.029451787409927734,0.11241884714254138,0.19621740343865154,0.11832025278137082,0.05708438211227024,0.02412568660258862,0.03168624573891153,,0.04433618729154108
110,2021-04,Median,2021-04-17,0.21,,0.06,,,0.275,0.025,0.115,0.17,,,,0.025,0.03,0.065,0.22165001591770012,,0.05224430598602043,,,0.2725502609540131,0.028924012227519207,0.11253966537535795,0.19514918092889774,,,,0.031542642999631096,0.018867375613401956,0.04474984335750538
111,2021-04,STEM,2021-04-10,0.24,,0.052000000000000005,,,0.27899999999999997,0.024,0.128,0.166,,,,0.019,0.013999999999999999,0.07,0.22397475666776967,0.03930804337111779,0.051777581147732885,0.10168503355769268,0.18652011325132778,0.2739513599540101,0.028107455730237842,0.11268330201538608,0.19426497486256736,0.11888648977999929,0.05580897963225541,0.02450264702755403,0.03160261686124243,0.018054032460028163,0.04497008798239693
112,2021-04_b,Kantar,2021-04-21,0.21,,0.05,,,0.27,0.025,0.12,0.215,,,,0.035,,0.04,0.22040802861119022,0.0386305107980442,0.052418569316859474,0.10436321936467899,0.18512574444079619,0.27164882250701305,0.029451787409927734,0.11241884714254138,0.19621740343865154,0.11832025278137082,0.05708438211227024,0.02412568660258862,0.03168624573891153,,0.04433618729154108
113,2021-04_b,STEM,2021-04-10,0.23800000000000002,0.035,0.051,0.087,0.18600000000000003,,0.024,0.129,,0.11,0.040999999999999995,0.011000000000000001,,0.011000000000000001,0.066,0.22397475666776967,0.03930804337111779,0.051777581147732885,0.10168503355769268,0.18652011325132778,0.2739513599540101,0.028107455730237842,0.11268330201538608,0.19426497486256736,0.11888648977999929,0.05580897963225541,0.02450264702755403,0.03160261686124243,0.018054032460028163,0.04497008798239693
114,2021-05,Data Collect,2021-05-12,0.182,0.033,0.06,0.11900000000000001,0.17300000000000001,,0.037000000000000005,0.122,,0.126,0.057,,,,0.028999999999999998,0.21511263870117514,0.03793433226110643,0.05395905529369195,0.10805574448916082,0.1805662701221002,0.2660508584968247,0.03392703481948459,0.11119336413088407,0.20061880273039923,0.11907719913344317,0.05812099163695498,,0.032004515934617186,,0.04286925130857768
115,2021-05,Ipsos,2021-05-21,0.221,,0.057999999999999996,,,0.237,0.043,0.102,0.231,,,,0.034,,0.040999999999999995,0.21450170673421037,,0.05410409845948324,,,0.263829748466774,0.03522230859938134,0.11002180818000407,0.2025354588632576,,,,0.032547664486675114,,0.0425482360708188
116,2021-05,Kantar,2021-05-19,0.19,0.04,0.05,0.115,0.165,,0.045,0.1,,0.115,0.065,0.025,,0.02,0.03,0.21444624895537603,0.03809008787146652,0.05407085002990992,0.1085793556852995,0.1793925412313172,0.2641757998010695,0.03514182034604952,0.11009026795023953,0.20216832189763617,0.11876976990480584,0.05863968306350169,0.024332113459591402,0.03252584360192899,0.020050381432310225,0.04256144903768364
117,2021-05,Median,2021-05-16,0.23,,0.06,,,0.24,0.04,0.09,0.195,,,,0.035,0.025,0.07,0.21485048569858758,,0.05406329393863895,,,0.26473973965294173,0.03465408013155054,0.11043592490750495,0.2014127419161161,,,,0.03233098361782593,0.02005310461202055,0.04289110699616925
118,2021-05_b,Data Collect,2021-05-12,0.19399999999999998,,0.062,,,0.27,0.038,0.13,0.207,,,,0.023,,0.036000000000000004,0.21511263870117514,0.03793433226110643,0.05395905529369195,0.10805574448916082,0.1805662701221002,0.2660508584968247,0.03392703481948459,0.11119336413088407,0.20061880273039923,0.11907719913344317,0.05812099163695498,,0.032004515934617186,,0.04286925130857768
119,2021-05_b,Kantar,2021-05-19,0.2,,0.055,,,0.26,0.05,0.1,0.215,,,,0.04,0.02,0.03,0.21444624895537603,0.03809008787146652,0.05407085002990992,0.1085793556852995,0.1793925412313172,0.2641757998010695,0.03514182034604952,0.11009026795023953,0.20216832189763617,0.11876976990480584,0.05863968306350169,0.024332113459591402,0.03252584360192899,0.020050381432310225,0.04256144903768364
